ticker,price,judgment,score,rsi,macd_diff,ma20,ma50,bb_pct,momentum_1w,momentum_1m,momentum_3m,vol_ratio,pe_ratio,eps_growth,revenue_growth,signals,order_book
1299.HK,70.95,SELL,-40,35.1,-0.046,74.23,79.8,24.1,-3.67,-13.58,-14.93,0.22,10.4858465,0.094,0.06,"['RSI=35.1 中立', 'MACD デッドクロス(売りシグナル)', 'MA 下降トレンド(売りシグナル)', '1ヶ月モメンタム -13.6%(強い下落)']",{}
9988.HK,92.2,HOLD,-10,26.1,-1.375,108.43,121.91,15.1,-7.24,-29.49,-22.43,0.3,9.926082,1.041,0.029,"['RSI=26.1 売られすぎ(買いシグナル)', 'MACD デッドクロス(売りシグナル)', 'MA 下降トレンド(売りシグナル)', 'BB下限付近 bb_pct=15.1%(買いシグナル)', '1ヶ月モメンタム -29.5%(強い下落)']",{}
0700.HK,419.4,SELL,-30,40.0,-2.534,444.41,455.82,17.8,-2.19,-12.92,-12.34,0.3,10.987593,0.229,0.091,"['RSI=40.0 中立', 'MACD デッドクロス(売りシグナル)', 'MA 下降トレンド(売りシグナル)', 'BB下限付近 bb_pct=17.8%(買いシグナル)', '1ヶ月モメンタム -12.9%(強い下落)']",{}
0939.HK,8.0,HOLD,0,27.7,-0.075,8.6,8.71,-13.1,-5.77,-7.62,-4.65,0.64,5.036656,0.0,0.05,"['RSI=27.7 売られすぎ(買いシグナル)', 'MACD デッドクロス(売りシグナル)', 'MA 下降トレンド(売りシグナル)', 'BB下限付近 bb_pct=-13.1%(買いシグナル)']",{}
005930.KS,335000.0,HOLD,0,53.2,-3780.537,334275.0,291130.0,50.9,-1.62,-7.07,87.78,0.5,5.4077706,4.921,0.692,"['RSI=53.2 中立', 'MACD デッドクロス(売りシグナル)', 'MA 上昇トレンド(買いシグナル)']",{}
000660.KS,2654000.0,HOLD,10,58.8,-8822.844,2438000.0,1972516.59,68.6,1.26,12.46,219.81,0.49,6.116133,3.966,1.981,"['RSI=58.8 中立', 'MACD デッドクロス(売りシグナル)', 'MA 上昇トレンド(買いシグナル)', '1ヶ月モメンタム +12.5%(強い上昇)']",{}
1810.HK,21.52,HOLD,-10,21.5,-0.299,25.28,28.47,11.9,-6.27,-27.35,-32.24,0.38,12.244237,-0.581,-0.109,"['RSI=21.5 売られすぎ(買いシグナル)', 'MACD デッドクロス(売りシグナル)', 'MA 下降トレンド(売りシグナル)', 'BB下限付近 bb_pct=11.9%(買いシグナル)', '1ヶ月モメンタム -27.3%(強い下落)']",{}
3690.HK,68.05,SELL,-40,36.9,-0.71,74.4,79.22,21.5,0.44,-20.41,-17.96,0.38,14.327457,,0.056,"['RSI=36.9 中立', 'MACD デッドクロス(売りシグナル)', 'MA 下降トレンド(売りシグナル)', '1ヶ月モメンタム -20.4%(強い下落)']",{}
005380.KS,502000.0,SELL,-30,35.2,-15959.287,595775.0,602825.35,17.5,-1.38,-31.14,8.24,0.37,10.176368,-0.431,0.034,"['RSI=35.2 中立', 'MACD デッドクロス(売りシグナル)', 'MA 下降トレンド(売りシグナル)', 'BB下限付近 bb_pct=17.5%(買いシグナル)', '1ヶ月モメンタム -31.1%(強い下落)']",{}
005935.KS,214500.0,HOLD,0,52.8,-1838.081,214400.0,191504.0,50.2,0.47,-7.34,80.86,0.44,3.8512306,4.921,0.692,"['RSI=52.8 中立', 'MACD デッドクロス(売りシグナル)', 'MA 上昇トレンド(買いシグナル)']",{}
0388.HK,361.4,SELL,-30,30.4,-1.326,381.67,400.67,13.4,-2.64,-11.94,-7.0,0.41,23.123724,0.27,0.19,"['RSI=30.4 中立', 'MACD デッドクロス(売りシグナル)', 'MA 下降トレンド(売りシグナル)', 'BB下限付近 bb_pct=13.4%(買いシグナル)', '1ヶ月モメンタム -11.9%(強い下落)']",{}
1211.HK,72.2,HOLD,-10,21.6,-0.793,82.97,92.45,11.2,-4.94,-25.02,-31.43,0.33,11.74596,-0.569,-0.118,"['RSI=21.6 売られすぎ(買いシグナル)', 'MACD デッドクロス(売りシグナル)', 'MA 下降トレンド(売りシグナル)', 'BB下限付近 bb_pct=11.2%(買いシグナル)', '1ヶ月モメンタム -25.0%(強い下落)']",{}
2318.HK,51.0,HOLD,-10,28.9,-0.437,55.3,58.14,6.0,-3.5,-12.97,-11.25,0.42,4.67347,-0.132,-0.033,"['RSI=28.9 売られすぎ(買いシグナル)', 'MACD デッドクロス(売りシグナル)', 'MA 下降トレンド(売りシグナル)', 'BB下限付近 bb_pct=6.0%(買いシグナル)', '1ヶ月モメンタム -13.0%(強い下落)']",{}
3988.HK,4.99,HOLD,-5,37.0,-0.051,5.29,5.22,0.2,-5.31,-6.03,0.4,0.61,5.5330586,0.0,0.059,"['RSI=37.0 中立', 'MACD デッドクロス(売りシグナル)', 'BB下限付近 bb_pct=0.2%(買いシグナル)']",{}
1398.HK,6.36,HOLD,-20,31.3,-0.065,6.86,6.89,-9.5,-6.06,-6.47,-4.65,0.63,5.093987,0.043,0.034,"['RSI=31.3 中立', 'MACD デッドクロス(売りシグナル)', 'MA 下降トレンド(売りシグナル)', 'BB下限付近 bb_pct=-9.5%(買いシグナル)']",{}
402340.KS,1702000.0,HOLD,10,59.6,-4471.924,1533650.0,1212502.8,66.5,-5.39,26.45,262.99,0.65,5.0223103,4.201,3.188,"['RSI=59.6 中立', 'MACD デッドクロス(売りシグナル)', 'MA 上昇トレンド(買いシグナル)', '1ヶ月モメンタム +26.4%(強い上昇)']",{}
9888.HK,108.2,SELL,-40,41.9,-0.675,114.29,123.28,34.2,1.03,-19.67,2.37,0.51,12.351897,-0.593,-0.012,"['RSI=41.9 中立', 'MACD デッドクロス(売りシグナル)', 'MA 下降トレンド(売りシグナル)', '1ヶ月モメンタム -19.7%(強い下落)']",{}
9961.HK,309.0,HOLD,-10,29.8,-4.969,356.77,382.66,-0.2,-12.61,-20.61,-18.86,0.55,8.752187,-0.397,0.172,"['RSI=29.8 売られすぎ(買いシグナル)', 'MACD デッドクロス(売りシグナル)', 'MA 下降トレンド(売りシグナル)', 'BB下限付近 bb_pct=-0.2%(買いシグナル)', '1ヶ月モメンタム -20.6%(強い下落)']",{}
105560.KS,161000.0,HOLD,0,53.9,-594.687,158540.0,157285.81,59.0,6.06,2.81,10.69,0.48,8.458128,0.168,0.152,"['RSI=53.9 中立', 'MACD デッドクロス(売りシグナル)', 'MA 上昇トレンド(買いシグナル)']",{}
9999.HK,203.0,HOLD,20,62.9,0.194,192.79,186.13,94.6,9.37,2.81,19.15,0.92,12.367826,0.031,0.061,"['RSI=62.9 中立', 'MACD ゴールデンクロス(買いシグナル)', 'MA 上昇トレンド(買いシグナル)', 'BB上限付近 bb_pct=94.6%(売りシグナル)']",{}
034020.KS,88000.0,SELL,-40,40.6,-455.427,93420.0,107872.0,27.6,-2.87,-12.0,-5.98,0.48,88.50123,,0.137,"['RSI=40.6 中立', 'MACD デッドクロス(売りシグナル)', 'MA 下降トレンド(売りシグナル)', '1ヶ月モメンタム -12.0%(強い下落)']",{}
9618.HK,98.5,SELL,-30,30.6,-1.234,108.75,115.54,12.2,-2.57,-17.99,-12.6,0.38,6.0970783,-0.507,0.049,"['RSI=30.6 中立', 'MACD デッドクロス(売りシグナル)', 'MA 下降トレンド(売りシグナル)', 'BB下限付近 bb_pct=12.2%(買いシグナル)', '1ヶ月モメンタム -18.0%(強い下落)']",{}
0857.HK,8.36,HOLD,-10,19.3,-0.099,9.54,10.26,3.1,-6.59,-19.87,-19.87,0.61,7.229269,0.019,-0.022,"['RSI=19.3 売られすぎ(買いシグナル)', 'MACD デッドクロス(売りシグナル)', 'MA 下降トレンド(売りシグナル)', 'BB下限付近 bb_pct=3.1%(買いシグナル)', '1ヶ月モメンタム -19.9%(強い下落)']",{}
086790.KS,117300.0,SELL,-30,48.3,-892.548,119460.0,120586.23,40.6,2.71,0.26,7.2,0.51,6.631698,0.114,0.257,"['RSI=48.3 中立', 'MACD デッドクロス(売りシグナル)', 'MA 下降トレンド(売りシグナル)']",{}
2899.HK,26.72,SELL,-30,30.2,-0.397,30.88,33.55,3.6,-9.24,-21.33,-21.14,0.36,7.1115375,0.957,0.248,"['RSI=30.2 中立', 'MACD デッドクロス(売りシグナル)', 'MA 下降トレンド(売りシグナル)', 'BB下限付近 bb_pct=3.6%(買いシグナル)', '1ヶ月モメンタム -21.3%(強い下落)']",{}
000270.KS,140500.0,SELL,-30,39.1,-2362.417,154685.0,159016.0,19.7,1.15,-16.77,-6.71,0.38,5.95398,-0.225,0.053,"['RSI=39.1 中立', 'MACD デッドクロス(売りシグナル)', 'MA 下降トレンド(売りシグナル)', 'BB下限付近 bb_pct=19.7%(買いシグナル)', '1ヶ月モメンタム -16.8%(強い下落)']",{}
2628.HK,26.56,SELL,-30,43.1,-0.23,27.85,28.01,21.9,-3.74,-4.28,10.82,0.32,5.0839415,-0.324,-0.152,"['RSI=43.1 中立', 'MACD デッドクロス(売りシグナル)', 'MA 下降トレンド(売りシグナル)']",{}
012450.KS,998000.0,HOLD,-20,35.2,-2891.056,1076200.0,1229560.0,19.0,-8.78,-6.73,-29.57,0.34,17.572697,2.849,0.049,"['RSI=35.2 中立', 'MACD デッドクロス(売りシグナル)', 'MA 下降トレンド(売りシグナル)', 'BB下限付近 bb_pct=19.0%(買いシグナル)']",{}
068270.KS,176500.0,HOLD,15,51.4,1217.173,171357.62,181103.05,74.2,2.2,-1.37,-5.78,0.45,24.439442,2.243,0.36,"['RSI=51.4 中立', 'MACD ゴールデンクロス(買いシグナル)']",{}
055550.KS,97600.0,HOLD,-15,49.7,-676.408,99255.0,97859.05,39.6,1.99,1.24,7.23,0.32,7.511864,0.14,0.066,"['RSI=49.7 中立', 'MACD デッドクロス(売りシグナル)']",{}
3968.HK,43.7,HOLD,0,28.3,-0.462,47.34,47.68,-3.4,-4.46,-9.75,-11.32,0.36,6.0544314,0.007,0.017,"['RSI=28.3 売られすぎ(買いシグナル)', 'MACD デッドクロス(売りシグナル)', 'MA 下降トレンド(売りシグナル)', 'BB下限付近 bb_pct=-3.4%(買いシグナル)']",{}
2388.HK,42.08,HOLD,15,28.2,-0.547,45.84,44.97,-22.4,-6.98,-9.85,1.74,0.57,10.056641,-0.012,-0.027,"['RSI=28.2 売られすぎ(買いシグナル)', 'MACD デッドクロス(売りシグナル)', 'BB下限付近 bb_pct=-22.4%(買いシグナル)']",{}
035420.KS,201500.0,HOLD,-25,41.1,-5359.407,233050.0,220178.0,20.0,1.05,-28.16,2.91,0.14,13.596908,-0.322,0.163,"['RSI=41.1 中立', 'MACD デッドクロス(売りシグナル)', '1ヶ月モメンタム -28.2%(強い下落)']",{}
0016.HK,111.4,HOLD,0,32.9,0.262,117.01,129.42,17.3,-2.02,-12.9,-13.78,0.19,12.783732,0.362,0.32,"['RSI=32.9 中立', 'MACD ゴールデンクロス(買いシグナル)', 'MA 下降トレンド(売りシグナル)', 'BB下限付近 bb_pct=17.3%(買いシグナル)', '1ヶ月モメンタム -12.9%(強い下落)']",{}
1288.HK,5.13,HOLD,-10,26.0,-0.074,5.72,5.87,-10.1,-8.06,-12.31,-5.58,1.01,5.068046,0.053,0.023,"['RSI=26.0 売られすぎ(買いシグナル)', 'MACD デッドクロス(売りシグナル)', 'MA 下降トレンド(売りシグナル)', 'BB下限付近 bb_pct=-10.1%(買いシグナル)', '1ヶ月モメンタム -12.3%(強い下落)']",{}
6160.HK,171.0,HOLD,5,53.4,2.011,163.53,174.87,90.1,3.51,1.3,-0.35,0.45,28.417923,169.708,0.355,"['RSI=53.4 中立', 'MACD ゴールデンクロス(買いシグナル)', 'BB上限付近 bb_pct=90.1%(売りシグナル)']",{}
1088.HK,40.24,HOLD,-10,29.1,-0.357,43.75,45.01,10.6,-3.96,-12.9,-12.75,0.53,11.720655,-0.122,0.012,"['RSI=29.1 売られすぎ(買いシグナル)', 'MACD デッドクロス(売りシグナル)', 'MA 下降トレンド(売りシグナル)', 'BB下限付近 bb_pct=10.6%(買いシグナル)', '1ヶ月モメンタム -12.9%(強い下落)']",{}
1024.HK,40.08,SELL,-30,36.2,-0.465,44.16,45.2,4.8,-5.01,-16.77,-9.65,0.33,7.9693127,-0.275,0.034,"['RSI=36.2 中立', 'MACD デッドクロス(売りシグナル)', 'MA 下降トレンド(売りシグナル)', 'BB下限付近 bb_pct=4.8%(買いシグナル)', '1ヶ月モメンタム -16.8%(強い下落)']",{}
028260.KS,473000.0,HOLD,0,52.8,-3646.946,472050.0,411770.0,50.6,-1.77,-2.57,79.17,0.54,26.927172,0.142,0.075,"['RSI=52.8 中立', 'MACD デッドクロス(売りシグナル)', 'MA 上昇トレンド(買いシグナル)']",{}
0001.HK,66.1,HOLD,-5,41.3,-0.349,68.24,67.82,6.8,-2.44,-5.5,13.48,0.26,9.8742485,0.597,-0.028,"['RSI=41.3 中立', 'MACD デッドクロス(売りシグナル)', 'BB下限付近 bb_pct=6.8%(買いシグナル)']",{}
9987.HK,317.0,HOLD,-20,31.3,-0.814,332.59,352.68,10.0,-1.31,-7.85,-17.68,0.24,12.821513,0.13,0.097,"['RSI=31.3 中立', 'MACD デッドクロス(売りシグナル)', 'MA 下降トレンド(売りシグナル)', 'BB下限付近 bb_pct=10.0%(買いシグナル)']",{}
012330.KS,505000.0,HOLD,-25,39.5,-18241.406,595225.0,560960.0,20.9,-0.79,-33.47,29.65,0.3,9.526121,-0.135,0.055,"['RSI=39.5 中立', 'MACD デッドクロス(売りシグナル)', '1ヶ月モメンタム -33.5%(強い下落)']",{}
0669.HK,129.4,BUY,30,64.0,0.811,121.17,117.76,94.2,6.68,11.26,28.1,0.39,18.47733,0.001,0.016,"['RSI=64.0 中立', 'MACD ゴールデンクロス(買いシグナル)', 'MA 上昇トレンド(買いシグナル)', 'BB上限付近 bb_pct=94.2%(売りシグナル)', '1ヶ月モメンタム +11.3%(強い上昇)']",{}
600519.SS,1176.3,HOLD,-20,36.4,-1.039,1220.36,1284.61,14.5,-0.29,-7.89,-17.49,0.45,15.691041,0.018,0.065,"['RSI=36.4 中立', 'MACD デッドクロス(売りシグナル)', 'MA 下降トレンド(売りシグナル)', 'BB下限付近 bb_pct=14.5%(買いシグナル)']",{}
009150.KS,2209000.0,HOLD,0,65.5,-28361.371,1960600.0,1420720.0,85.0,12.47,21.84,429.74,0.73,63.763443,0.793,0.172,"['RSI=65.5 中立', 'MACD デッドクロス(売りシグナル)', 'MA 上昇トレンド(買いシグナル)', 'BB上限付近 bb_pct=85.0%(売りシグナル)', '1ヶ月モメンタム +21.8%(強い上昇)']",{}
006400.KS,497500.0,SELL,-40,43.7,-2974.578,524725.0,592280.0,33.0,1.74,-17.36,12.3,0.62,29.088627,,0.126,"['RSI=43.7 中立', 'MACD デッドクロス(売りシグナル)', 'MA 下降トレンド(売りシグナル)', '1ヶ月モメンタム -17.4%(強い下落)']",{}
2269.HK,34.64,HOLD,5,61.0,0.565,31.8,32.93,90.6,6.78,-1.42,4.91,0.25,17.435125,0.394,0.172,"['RSI=61.0 中立', 'MACD ゴールデンクロス(買いシグナル)', 'BB上限付近 bb_pct=90.6%(売りシグナル)']",{}
005490.KS,320500.0,SELL,-30,36.1,-3472.796,359350.0,411727.44,16.1,-3.32,-19.67,-5.59,0.51,10.6709385,0.545,0.025,"['RSI=36.1 中立', 'MACD デッドクロス(売りシグナル)', 'MA 下降トレンド(売りシグナル)', 'BB下限付近 bb_pct=16.1%(買いシグナル)', '1ヶ月モメンタム -19.7%(強い下落)']",{}
6869.HK,258.0,BUY,40,53.3,0.671,246.41,235.64,65.7,-1.23,10.82,40.98,0.61,36.63016,2.0,0.277,"['RSI=53.3 中立', 'MACD ゴールデンクロス(買いシグナル)', 'MA 上昇トレンド(買いシグナル)', '1ヶ月モメンタム +10.8%(強い上昇)']",{}
1801.HK,79.05,HOLD,5,52.0,0.749,76.19,81.68,88.0,1.41,0.25,-6.89,0.43,29.214045,,0.296,"['RSI=52.0 中立', 'MACD ゴールデンクロス(買いシグナル)', 'BB上限付近 bb_pct=88.0%(売りシグナル)']",{}
267260.KS,978000.0,SELL,-30,45.1,-8726.077,1009600.0,1118923.69,40.6,4.38,-1.71,10.99,0.45,28.455778,0.35,0.022,"['RSI=45.1 中立', 'MACD デッドクロス(売りシグナル)', 'MA 下降トレンド(売りシグナル)']",{}
0002.HK,73.75,HOLD,15,48.8,0.121,73.46,74.46,63.8,-0.81,-0.41,1.19,0.36,14.874919,-0.164,-0.037,"['RSI=48.8 中立', 'MACD ゴールデンクロス(買いシグナル)']",{}
316140.KS,29200.0,SELL,-30,42.3,-160.03,30302.5,31566.34,28.3,-0.17,-2.34,-8.71,0.49,5.9426026,-0.008,0.059,"['RSI=42.3 中立', 'MACD デッドクロス(売りシグナル)', 'MA 下降トレンド(売りシグナル)']",{}
010140.KS,23500.0,SELL,-30,37.1,-285.353,26240.0,28939.0,11.9,-4.47,-15.16,-12.64,0.33,13.369583,0.102,0.164,"['RSI=37.1 中立', 'MACD デッドクロス(売りシグナル)', 'MA 下降トレンド(売りシグナル)', 'BB下限付近 bb_pct=11.9%(買いシグナル)', '1ヶ月モメンタム -15.2%(強い下落)']",{}
9992.HK,153.9,HOLD,-15,38.2,-2.252,168.75,161.63,10.1,-2.66,-14.12,9.07,0.32,10.29689,2.712,1.741,"['RSI=38.2 中立', 'MACD デッドクロス(売りシグナル)', 'BB下限付近 bb_pct=10.1%(買いシグナル)', '1ヶ月モメンタム -14.1%(強い下落)']",{}
0020.HK,1.32,HOLD,-10,29.3,-0.005,1.49,1.75,18.1,-5.04,-27.07,-28.26,0.25,-244.5342,,0.307,"['RSI=29.3 売られすぎ(買いシグナル)', 'MACD デッドクロス(売りシグナル)', 'MA 下降トレンド(売りシグナル)', 'BB下限付近 bb_pct=18.1%(買いシグナル)', '1ヶ月モメンタム -27.1%(強い下落)']",{}
2328.HK,14.55,HOLD,-15,45.2,-0.084,14.82,14.72,35.6,-0.21,1.46,2.03,0.33,6.516225,0.164,0.049,"['RSI=45.2 中立', 'MACD デッドクロス(売りシグナル)']",{}
207940.KS,1418000.0,HOLD,5,54.2,15980.784,1343100.0,1414320.0,85.0,2.38,3.73,-10.54,0.58,29.419722,0.251,0.258,"['RSI=54.2 中立', 'MACD ゴールデンクロス(買いシグナル)', 'BB上限付近 bb_pct=85.0%(売りシグナル)']",{}
0386.HK,4.02,HOLD,-20,35.1,-0.007,4.16,4.31,6.9,-3.13,-5.59,-7.69,0.39,8.031689,0.278,-0.039,"['RSI=35.1 中立', 'MACD デッドクロス(売りシグナル)', 'MA 下降トレンド(売りシグナル)', 'BB下限付近 bb_pct=6.9%(買いシグナル)']",{}
0175.HK,16.72,HOLD,-20,31.1,-0.115,18.16,19.97,8.9,-4.78,-8.52,-17.96,0.29,6.2588654,,0.156,"['RSI=31.1 中立', 'MACD デッドクロス(売りシグナル)', 'MA 下降トレンド(売りシグナル)', 'BB下限付近 bb_pct=8.9%(買いシグナル)']",{}
2020.HK,71.7,SELL,-30,45.1,-0.036,72.64,76.19,41.7,5.6,-6.4,-3.94,0.49,11.230391,-0.15,0.124,"['RSI=45.1 中立', 'MACD デッドクロス(売りシグナル)', 'MA 下降トレンド(売りシグナル)']",{}
329180.KS,590000.0,SELL,-40,41.7,-10780.905,638350.0,648630.0,22.4,0.51,-12.33,34.4,0.29,17.45237,1.303,0.548,"['RSI=41.7 中立', 'MACD デッドクロス(売りシグナル)', 'MA 下降トレンド(売りシグナル)', '1ヶ月モメンタム -12.3%(強い下落)']",{}
1378.HK,19.75,HOLD,-10,19.4,-0.341,24.5,28.72,9.3,-9.32,-31.85,-39.97,0.25,4.798496,-0.231,-0.015,"['RSI=19.4 売られすぎ(買いシグナル)', 'MACD デッドクロス(売りシグナル)', 'MA 下降トレンド(売りシグナル)', 'BB下限付近 bb_pct=9.3%(買いシグナル)', '1ヶ月モメンタム -31.8%(強い下落)']",{}
032830.KS,406500.0,HOLD,-25,50.9,-7653.204,424375.0,349560.0,37.3,-6.12,-15.31,87.33,0.42,18.553974,0.894,0.593,"['RSI=50.9 中立', 'MACD デッドクロス(売りシグナル)', '1ヶ月モメンタム -15.3%(強い下落)']",{}
0823.HK,36.9,HOLD,15,49.2,0.099,36.56,37.91,62.5,3.94,-2.63,6.02,0.22,14.704945,,-0.003,"['RSI=49.2 中立', 'MACD ゴールデンクロス(買いシグナル)']",{}
9868.HK,49.18,SELL,-40,35.6,-0.747,56.2,60.4,26.4,0.08,-31.69,-24.86,0.51,49.309853,,-0.176,"['RSI=35.6 中立', 'MACD デッドクロス(売りシグナル)', 'MA 下降トレンド(売りシグナル)', '1ヶ月モメンタム -31.7%(強い下落)']",{}
9866.HK,38.34,SELL,-40,38.9,-0.172,41.48,45.16,25.2,-1.89,-21.95,-12.59,0.33,16.661755,,1.122,"['RSI=38.9 中立', 'MACD デッドクロス(売りシグナル)', 'MA 下降トレンド(売りシグナル)', '1ヶ月モメンタム -21.9%(強い下落)']",{}
2057.HK,171.6,HOLD,0,39.9,0.257,174.08,184.01,28.3,0.29,-3.32,-8.78,0.45,9.785035,0.098,0.22,"['RSI=39.9 中立', 'MACD ゴールデンクロス(買いシグナル)', 'MA 下降トレンド(売りシグナル)']",{}
1109.HK,29.76,SELL,-30,30.6,-0.551,33.32,33.42,10.8,-3.38,-15.17,7.1,0.23,7.5959835,-0.116,-0.066,"['RSI=30.6 中立', 'MACD デッドクロス(売りシグナル)', 'MA 下降トレンド(売りシグナル)', 'BB下限付近 bb_pct=10.8%(買いシグナル)', '1ヶ月モメンタム -15.2%(強い下落)']",{}
2601.HK,26.54,HOLD,-10,29.9,-0.345,29.56,30.91,2.6,-3.98,-13.33,-13.17,0.22,4.179297,-0.06,-0.033,"['RSI=29.9 売られすぎ(買いシグナル)', 'MACD デッドクロス(売りシグナル)', 'MA 下降トレンド(売りシグナル)', 'BB下限付近 bb_pct=2.6%(買いシグナル)', '1ヶ月モメンタム -13.3%(強い下落)']",{}
373220.KS,370500.0,SELL,-40,44.8,-2017.756,392625.0,422770.0,28.7,1.37,-16.27,-8.41,0.83,43.0999,,-0.025,"['RSI=44.8 中立', 'MACD デッドクロス(売りシグナル)', 'MA 下降トレンド(売りシグナル)', '1ヶ月モメンタム -16.3%(強い下落)']",{}
9633.HK,39.72,SELL,-30,35.0,-0.113,42.65,43.74,-20.5,-5.34,-9.81,-13.08,1.54,19.404982,0.401,0.3,"['RSI=35.0 中立', 'MACD デッドクロス(売りシグナル)', 'MA 下降トレンド(売りシグナル)', 'BB下限付近 bb_pct=-20.5%(買いシグナル)', '出来高急増 1.5x(注目)']",{}
2423.HK,37.08,SELL,-30,34.0,-0.415,40.7,43.12,14.7,-3.19,-17.42,-1.93,0.35,12.888642,0.542,-0.19,"['RSI=34.0 中立', 'MACD デッドクロス(売りシグナル)', 'MA 下降トレンド(売りシグナル)', 'BB下限付近 bb_pct=14.7%(買いシグナル)', '1ヶ月モメンタム -17.4%(強い下落)']",{}
033780.KS,170700.0,HOLD,-5,41.9,-1658.865,178885.0,178662.0,19.5,1.25,-7.53,10.41,0.49,12.844924,0.547,0.143,"['RSI=41.9 中立', 'MACD デッドクロス(売りシグナル)', 'BB下限付近 bb_pct=19.5%(買いシグナル)']",{}
051910.KS,288000.0,SELL,-30,39.4,-4410.232,326225.0,358690.0,15.7,-3.19,-18.87,-4.64,0.52,11.266865,,-0.026,"['RSI=39.4 中立', 'MACD デッドクロス(売りシグナル)', 'MA 下降トレンド(売りシグナル)', 'BB下限付近 bb_pct=15.7%(買いシグナル)', '1ヶ月モメンタム -18.9%(強い下落)']",{}
086520.KS,118000.0,HOLD,25,49.1,87.133,114590.0,134236.0,58.9,14.56,-9.51,-21.02,2.39,,,,"['RSI=49.1 中立', 'MACD ゴールデンクロス(買いシグナル)', '出来高急増 2.4x(注目)']",{}
042660.KS,101000.0,SELL,-40,40.7,-1661.047,112615.0,121150.0,21.5,-4.72,-12.93,-15.34,0.44,16.80363,1.313,0.021,"['RSI=40.7 中立', 'MACD デッドクロス(売りシグナル)', 'MA 下降トレンド(売りシグナル)', '1ヶ月モメンタム -12.9%(強い下落)']",{}
1113.HK,43.52,HOLD,-20,33.9,-0.14,45.48,47.15,5.7,-2.55,-8.95,0.7,0.37,11.712527,-0.101,0.384,"['RSI=33.9 中立', 'MACD デッドクロス(売りシグナル)', 'MA 下降トレンド(売りシグナル)', 'BB下限付近 bb_pct=5.7%(買いシグナル)']",{}
035720.KS,34950.0,SELL,-40,37.0,-227.792,38195.0,42411.0,21.5,2.79,-17.86,-23.02,0.33,19.84312,-0.003,0.111,"['RSI=37.0 中立', 'MACD デッドクロス(売りシグナル)', 'MA 下降トレンド(売りシグナル)', '1ヶ月モメンタム -17.9%(強い下落)']",{}
0006.HK,57.5,HOLD,15,44.9,0.336,56.83,60.13,70.0,-1.2,-0.61,-2.74,0.22,17.633656,0.026,-0.099,"['RSI=44.9 中立', 'MACD ゴールデンクロス(買いシグナル)']",{}
047810.KS,151900.0,HOLD,15,51.0,1522.2,143770.0,160286.0,76.2,6.15,3.33,-17.54,0.38,29.513144,0.399,0.563,"['RSI=51.0 中立', 'MACD ゴールデンクロス(買いシグナル)']",{}
196170.KS,373000.0,HOLD,15,54.2,2705.445,348050.0,357970.0,79.3,12.01,1.91,3.61,1.28,,,,"['RSI=54.2 中立', 'MACD ゴールデンクロス(買いシグナル)']",{}
2015.HK,46.22,HOLD,-10,27.6,-0.445,53.29,62.13,12.0,-6.51,-25.33,-31.73,0.52,16.265514,,-0.114,"['RSI=27.6 売られすぎ(買いシグナル)', 'MACD デッドクロス(売りシグナル)', 'MA 下降トレンド(売りシグナル)', 'BB下限付近 bb_pct=12.0%(買いシグナル)', '1ヶ月モメンタム -25.3%(強い下落)']",{}
010120.KS,238000.0,HOLD,-15,50.2,-1849.247,234025.0,247554.0,56.3,6.01,-1.45,56.79,0.69,53.084435,0.722,0.334,"['RSI=50.2 中立', 'MACD デッドクロス(売りシグナル)']",{}
009540.KS,353500.0,SELL,-30,38.9,-4551.638,385750.0,418620.0,20.4,-3.94,-7.82,0.86,0.33,6.1414723,0.704,0.202,"['RSI=38.9 中立', 'MACD デッドクロス(売りシグナル)', 'MA 下降トレンド(売りシグナル)']",{}
0003.HK,6.55,HOLD,0,29.8,-0.007,6.76,6.93,-7.5,-2.53,-5.62,-4.69,0.56,19.576782,0.021,-0.042,"['RSI=29.8 売られすぎ(買いシグナル)', 'MACD デッドクロス(売りシグナル)', 'MA 下降トレンド(売りシグナル)', 'BB下限付近 bb_pct=-7.5%(買いシグナル)']",{}
000810.KS,621000.0,HOLD,-5,48.4,-11927.85,662500.0,572600.0,14.6,-2.36,-3.12,39.86,0.26,10.466542,-0.022,0.046,"['RSI=48.4 中立', 'MACD デッドクロス(売りシグナル)', 'BB下限付近 bb_pct=14.6%(買いシグナル)']",{}
0992.HK,22.52,HOLD,-25,53.4,-0.649,23.95,17.88,24.0,-1.75,-15.27,146.12,0.3,12.92599,4.555,0.271,"['RSI=53.4 中立', 'MACD デッドクロス(売りシグナル)', '1ヶ月モメンタム -15.3%(強い下落)']",{}
298040.KS,3467000.0,SELL,-30,48.1,-36652.537,3505400.0,3672100.0,45.9,3.4,-2.17,37.69,0.55,28.14463,-0.146,0.262,"['RSI=48.1 中立', 'MACD デッドクロス(売りシグナル)', 'MA 下降トレンド(売りシグナル)']",{}
064350.KS,175500.0,SELL,-30,39.8,-2621.259,195605.0,211574.0,16.8,-10.23,-13.55,-12.9,0.48,13.895336,0.272,0.239,"['RSI=39.8 中立', 'MACD デッドクロス(売りシグナル)', 'MA 下降トレンド(売りシグナル)', 'BB下限付近 bb_pct=16.8%(買いシグナル)', '1ヶ月モメンタム -13.5%(強い下落)']",{}
042700.KS,258000.0,SELL,-30,41.1,-4555.94,289800.0,317560.0,24.0,-4.44,-6.35,0.78,0.27,47.035027,-0.652,-0.655,"['RSI=41.1 中立', 'MACD デッドクロス(売りシグナル)', 'MA 下降トレンド(売りシグナル)']",{}
006800.KS,43800.0,SELL,-40,33.6,-164.406,49107.5,61303.0,24.3,4.91,-24.22,-28.9,0.38,11.564284,1.972,1.854,"['RSI=33.6 中立', 'MACD デッドクロス(売りシグナル)', 'MA 下降トレンド(売りシグナル)', '1ヶ月モメンタム -24.2%(強い下落)']",{}
1347.HK,215.0,HOLD,10,76.7,5.126,162.3,139.19,106.3,11.98,45.37,176.88,0.45,174.01286,5.003,0.222,"['RSI=76.7 買われすぎ(売りシグナル)', 'MACD ゴールデンクロス(買いシグナル)', 'MA 上昇トレンド(買いシグナル)', 'BB上限付近 bb_pct=106.3%(売りシグナル)', '1ヶ月モメンタム +45.4%(強い上昇)']",{}
0288.HK,8.3,HOLD,0,28.7,-0.02,8.74,9.19,-1.9,-3.26,-8.79,-15.55,0.58,8.115125,-0.061,0.073,"['RSI=28.7 売られすぎ(買いシグナル)', 'MACD デッドクロス(売りシグナル)', 'MA 下降トレンド(売りシグナル)', 'BB下限付近 bb_pct=-1.9%(買いシグナル)']",{}
1093.HK,7.01,HOLD,15,47.6,0.056,6.95,7.54,57.6,3.24,-5.32,-21.24,0.4,9.742335,-0.416,-0.078,"['RSI=47.6 中立', 'MACD ゴールデンクロス(買いシグナル)']",{}
3993.HK,14.97,SELL,-30,35.8,-0.386,17.66,18.21,9.0,-10.68,-23.27,-5.36,0.22,8.28798,1.0,0.443,"['RSI=35.8 中立', 'MACD デッドクロス(売りシグナル)', 'MA 下降トレンド(売りシグナル)', 'BB下限付近 bb_pct=9.0%(買いシグナル)', '1ヶ月モメンタム -23.3%(強い下落)']",{}
066570.KS,204000.0,HOLD,-25,45.3,-7691.038,240030.0,205308.0,31.4,-0.24,-48.03,87.5,0.29,12.85408,-0.076,0.043,"['RSI=45.3 中立', 'MACD デッドクロス(売りシグナル)', '1ヶ月モメンタム -48.0%(強い下落)']",{}
9926.HK,88.2,HOLD,-10,41.1,1.366,90.08,112.94,42.4,0.8,-17.18,-32.26,0.37,43.29873,,0.496,"['RSI=41.1 中立', 'MACD ゴールデンクロス(買いシグナル)', 'MA 下降トレンド(売りシグナル)', '1ヶ月モメンタム -17.2%(強い下落)']",{}
0998.HK,6.53,HOLD,-10,22.0,-0.087,7.33,7.67,-9.1,-7.77,-11.99,-15.06,0.87,4.334879,0.0,0.032,"['RSI=22.0 売られすぎ(買いシグナル)', 'MACD デッドクロス(売りシグナル)', 'MA 下降トレンド(売りシグナル)', 'BB下限付近 bb_pct=-9.1%(買いシグナル)', '1ヶ月モメンタム -12.0%(強い下落)']",{}
000720.KS,116100.0,SELL,-40,41.7,-1321.572,127580.0,146908.0,28.3,1.22,-13.49,-21.98,0.3,17.767635,0.441,-0.158,"['RSI=41.7 中立', 'MACD デッドクロス(売りシグナル)', 'MA 下降トレンド(売りシグナル)', '1ヶ月モメンタム -13.5%(強い下落)']",{}
0027.HK,29.42,HOLD,-20,37.2,-0.061,30.65,31.63,16.3,-2.0,-9.81,-13.82,0.47,10.478253,0.242,0.183,"['RSI=37.2 中立', 'MACD デッドクロス(売りシグナル)', 'MA 下降トレンド(売りシグナル)', 'BB下限付近 bb_pct=16.3%(買いシグナル)']",{}
600036.SS,35.55,HOLD,-20,30.7,-0.28,37.85,38.09,-2.6,-3.29,-8.38,-10.72,0.55,5.6927633,0.007,0.017,"['RSI=30.7 中立', 'MACD デッドクロス(売りシグナル)', 'MA 下降トレンド(売りシグナル)', 'BB下限付近 bb_pct=-2.6%(買いシグナル)']",{}
6690.HK,20.16,SELL,-30,45.2,-0.058,20.63,20.79,30.9,2.18,-2.7,-2.7,0.22,7.606887,-0.153,-0.069,"['RSI=45.2 中立', 'MACD デッドクロス(売りシグナル)', 'MA 下降トレンド(売りシグナル)']",{}
015760.KS,37500.0,HOLD,0,46.0,124.202,37910.0,40612.0,43.1,2.04,-0.66,-9.09,0.44,2.5816677,0.071,0.007,"['RSI=46.0 中立', 'MACD ゴールデンクロス(買いシグナル)', 'MA 下降トレンド(売りシグナル)']",{}
272210.KS,74300.0,SELL,-30,32.2,-1377.522,89710.0,105764.0,8.5,-10.05,-23.72,-42.49,0.47,32.359062,,0.17,"['RSI=32.2 中立', 'MACD デッドクロス(売りシグナル)', 'MA 下降トレンド(売りシグナル)', 'BB下限付近 bb_pct=8.5%(買いシグナル)', '1ヶ月モメンタム -23.7%(強い下落)']",{}
1171.HK,10.73,HOLD,-10,27.0,-0.209,12.97,13.8,11.1,-9.41,-28.01,-23.96,0.39,6.991306,0.432,0.018,"['RSI=27.0 売られすぎ(買いシグナル)', 'MACD デッドクロス(売りシグナル)', 'MA 下降トレンド(売りシグナル)', 'BB下限付近 bb_pct=11.1%(買いシグナル)', '1ヶ月モメンタム -28.0%(強い下落)']",{}
2338.HK,34.68,SELL,-30,41.0,-0.433,37.46,38.47,17.1,-8.25,-11.58,26.94,0.78,14.52343,0.161,0.089,"['RSI=41.0 中立', 'MACD デッドクロス(売りシグナル)', 'MA 下降トレンド(売りシグナル)', 'BB下限付近 bb_pct=17.1%(買いシグナル)', '1ヶ月モメンタム -11.6%(強い下落)']",{}
034730.KS,803000.0,BUY,30,65.9,8981.869,686000.0,579920.0,85.7,12.78,20.21,160.71,0.58,7.808823,0.433,0.189,"['RSI=65.9 中立', 'MACD ゴールデンクロス(買いシグナル)', 'MA 上昇トレンド(買いシグナル)', 'BB上限付近 bb_pct=85.7%(売りシグナル)', '1ヶ月モメンタム +20.2%(強い上昇)']",{}
9901.HK,35.72,HOLD,0,44.1,0.203,36.01,38.98,42.5,2.7,-7.08,-17.95,0.31,10.794985,0.6,0.198,"['RSI=44.1 中立', 'MACD ゴールデンクロス(買いシグナル)', 'MA 下降トレンド(売りシグナル)']",{}
3328.HK,6.64,HOLD,5,27.3,-0.09,7.32,7.28,-12.1,-6.48,-11.58,-5.68,0.49,5.229682,-0.118,0.031,"['RSI=27.3 売られすぎ(買いシグナル)', 'MACD デッドクロス(売りシグナル)', 'BB下限付近 bb_pct=-12.1%(買いシグナル)', '1ヶ月モメンタム -11.6%(強い下落)']",{}
138040.KS,108300.0,HOLD,-15,51.8,-247.868,107220.0,109478.0,57.3,4.64,2.07,-3.04,0.73,5.9414062,0.171,0.513,"['RSI=51.8 中立', 'MACD デッドクロス(売りシグナル)']",{}
0066.HK,30.68,HOLD,-20,36.3,-0.016,31.33,32.24,-0.6,-1.1,-2.91,-1.36,0.29,19.320387,-0.286,-0.086,"['RSI=36.3 中立', 'MACD デッドクロス(売りシグナル)', 'MA 下降トレンド(売りシグナル)', 'BB下限付近 bb_pct=-0.6%(買いシグナル)']",{}
600900.SS,26.42,HOLD,-5,40.6,-0.115,27.26,27.09,13.6,-0.68,-5.51,-1.71,0.47,17.207354,0.305,0.064,"['RSI=40.6 中立', 'MACD デッドクロス(売りシグナル)', 'BB下限付近 bb_pct=13.6%(買いシグナル)']",{}
2319.HK,16.08,HOLD,0,46.9,0.044,16.23,16.35,40.3,-0.62,-3.31,-2.97,0.36,9.941714,,-0.076,"['RSI=46.9 中立', 'MACD ゴールデンクロス(買いシグナル)', 'MA 下降トレンド(売りシグナル)']",{}
267250.KS,201000.0,SELL,-30,32.0,-4648.203,238160.0,262520.54,16.1,-3.6,-27.31,-16.57,0.76,7.082924,2.565,0.147,"['RSI=32.0 中立', 'MACD デッドクロス(売りシグナル)', 'MA 下降トレンド(売りシグナル)', 'BB下限付近 bb_pct=16.1%(買いシグナル)', '1ヶ月モメンタム -27.3%(強い下落)']",{}
1177.HK,4.41,HOLD,0,39.5,0.02,4.52,5.03,32.3,0.0,-8.6,-24.27,0.32,14.642282,,0.098,"['RSI=39.5 中立', 'MACD ゴールデンクロス(買いシグナル)', 'MA 下降トレンド(売りシグナル)']",{}
6618.HK,32.62,SELL,-30,31.2,-0.045,35.87,41.0,13.7,-2.34,-18.04,-30.68,0.71,11.540033,0.298,0.28,"['RSI=31.2 中立', 'MACD デッドクロス(売りシグナル)', 'MA 下降トレンド(売りシグナル)', 'BB下限付近 bb_pct=13.7%(買いシグナル)', '1ヶ月モメンタム -18.0%(強い下落)']",{}
601318.SS,47.44,HOLD,-20,35.5,-0.384,51.23,53.44,3.0,-3.42,-9.34,-15.73,0.56,5.356415,-0.132,-0.033,"['RSI=35.5 中立', 'MACD デッドクロス(売りシグナル)', 'MA 下降トレンド(売りシグナル)', 'BB下限付近 bb_pct=3.0%(買いシグナル)']",{}
601901.SS,7.18,HOLD,5,57.4,0.067,6.82,6.97,80.1,0.7,6.85,4.36,0.63,21.757574,0.2,0.142,"['RSI=57.4 中立', 'MACD ゴールデンクロス(買いシグナル)', 'BB上限付近 bb_pct=80.1%(売りシグナル)']",{}
1308.HK,31.38,SELL,-30,37.8,-0.247,33.29,33.53,17.7,-1.01,-12.15,-5.01,0.18,10.620891,-0.12,-0.006,"['RSI=37.8 中立', 'MACD デッドクロス(売りシグナル)', 'MA 下降トレンド(売りシグナル)', 'BB下限付近 bb_pct=17.7%(買いシグナル)', '1ヶ月モメンタム -12.2%(強い下落)']",{}
071050.KS,226000.0,SELL,-30,48.2,-1117.863,229125.0,244290.0,44.9,10.51,-6.42,5.85,0.51,5.7754316,0.802,1.289,"['RSI=48.2 中立', 'MACD デッドクロス(売りシグナル)', 'MA 下降トレンド(売りシグナル)']",{}
079550.KS,738000.0,SELL,-30,41.7,-10453.865,796950.0,856880.0,31.3,-10.44,1.65,-5.87,0.3,30.509165,0.695,0.287,"['RSI=41.7 中立', 'MACD デッドクロス(売りシグナル)', 'MA 下降トレンド(売りシグナル)']",{}
1816.HK,2.61,HOLD,-10,19.3,-0.024,2.93,3.14,-1.2,-6.79,-16.35,-23.55,1.22,9.905123,-0.133,-0.133,"['RSI=19.3 売られすぎ(買いシグナル)', 'MACD デッドクロス(売りシグナル)', 'MA 下降トレンド(売りシグナル)', 'BB下限付近 bb_pct=-1.2%(買いシグナル)', '1ヶ月モメンタム -16.3%(強い下落)']",{}
2688.HK,41.2,HOLD,-10,22.0,-0.255,46.76,53.21,19.0,-1.86,-23.63,-32.06,0.25,6.0686073,0.019,0.017,"['RSI=22.0 売られすぎ(買いシグナル)', 'MACD デッドクロス(売りシグナル)', 'MA 下降トレンド(売りシグナル)', 'BB下限付近 bb_pct=19.0%(買いシグナル)', '1ヶ月モメンタム -23.6%(強い下落)']",{}
600030.SS,28.55,BUY,30,61.8,0.201,26.75,26.35,82.4,2.37,13.43,18.39,0.58,10.753296,0.558,0.44,"['RSI=61.8 中立', 'MACD ゴールデンクロス(買いシグナル)', 'MA 上昇トレンド(買いシグナル)', 'BB上限付近 bb_pct=82.4%(売りシグナル)', '1ヶ月モメンタム +13.4%(強い上昇)']",{}
1339.HK,4.71,HOLD,-20,34.3,-0.056,5.12,5.28,9.0,-3.09,-9.07,-12.78,0.57,3.7749798,-0.345,-0.044,"['RSI=34.3 中立', 'MACD デッドクロス(売りシグナル)', 'MA 下降トレンド(売りシグナル)', 'BB下限付近 bb_pct=9.0%(買いシグナル)']",{}
003550.KS,98500.0,HOLD,-25,41.4,-1997.451,110540.0,109770.0,21.9,-0.71,-29.64,16.16,0.26,9.455319,-0.426,-0.07,"['RSI=41.4 中立', 'MACD デッドクロス(売りシグナル)', '1ヶ月モメンタム -29.6%(強い下落)']",{}
9626.HK,132.7,HOLD,-10,42.2,0.519,136.98,152.8,34.9,5.23,-11.47,-22.26,0.32,12.477748,,0.067,"['RSI=42.2 中立', 'MACD ゴールデンクロス(買いシグナル)', 'MA 下降トレンド(売りシグナル)', '1ヶ月モメンタム -11.5%(強い下落)']",{}
247540.KS,154500.0,SELL,-50,41.2,-2302.356,169930.0,193724.0,28.7,2.39,-25.36,-23.7,1.52,,,,"['RSI=41.2 中立', 'MACD デッドクロス(売りシグナル)', 'MA 下降トレンド(売りシグナル)', '1ヶ月モメンタム -25.4%(強い下落)', '出来高急増 1.5x(注目)']",{}
1658.HK,4.58,HOLD,0,25.0,-0.048,4.99,5.06,-16.8,-7.29,-9.31,-6.72,0.79,5.3807664,-0.167,-0.003,"['RSI=25.0 売られすぎ(買いシグナル)', 'MACD デッドクロス(売りシグナル)', 'MA 下降トレンド(売りシグナル)', 'BB下限付近 bb_pct=-16.8%(買いシグナル)']",{}
3750.HK,701.0,HOLD,-25,50.4,-2.756,707.75,689.42,44.7,-2.84,-10.07,15.7,0.18,23.437525,0.44,0.524,"['RSI=50.4 中立', 'MACD デッドクロス(売りシグナル)', '1ヶ月モメンタム -10.1%(強い下落)']",{}
2331.HK,14.82,HOLD,-10,24.4,-0.131,16.58,18.12,11.7,-0.6,-18.1,-29.7,0.35,9.529072,0.129,0.031,"['RSI=24.4 売られすぎ(買いシグナル)', 'MACD デッドクロス(売りシグナル)', 'MA 下降トレンド(売りシグナル)', 'BB下限付近 bb_pct=11.7%(買いシグナル)', '1ヶ月モメンタム -18.1%(強い下落)']",{}
2359.HK,154.1,HOLD,10,74.3,3.267,130.78,130.14,104.4,8.75,18.81,32.88,0.57,18.335032,0.234,0.288,"['RSI=74.3 買われすぎ(売りシグナル)', 'MACD ゴールデンクロス(買いシグナル)', 'MA 上昇トレンド(買いシグナル)', 'BB上限付近 bb_pct=104.4%(売りシグナル)', '1ヶ月モメンタム +18.8%(強い上昇)']",{}
2600.HK,7.46,HOLD,-10,27.0,-0.131,9.1,10.35,16.7,-5.16,-32.1,-32.22,0.28,4.9250207,0.56,0.048,"['RSI=27.0 売られすぎ(買いシグナル)', 'MACD デッドクロス(売りシグナル)', 'MA 下降トレンド(売りシグナル)', 'BB下限付近 bb_pct=16.7%(買いシグナル)', '1ヶ月モメンタム -32.1%(強い下落)']",{}
0788.HK,8.72,HOLD,-10,18.7,-0.054,9.51,10.15,-2.7,-5.53,-13.66,-15.52,0.31,7.690887,,0.015,"['RSI=18.7 売られすぎ(買いシグナル)', 'MACD デッドクロス(売りシグナル)', 'MA 下降トレンド(売りシグナル)', 'BB下限付近 bb_pct=-2.7%(買いシグナル)', '1ヶ月モメンタム -13.7%(強い下落)']",{}
9698.HK,27.9,SELL,-30,33.0,-0.138,31.92,37.11,6.4,-10.81,-22.67,-27.8,0.35,249.90732,2.07,0.236,"['RSI=33.0 中立', 'MACD デッドクロス(売りシグナル)', 'MA 下降トレンド(売りシグナル)', 'BB下限付近 bb_pct=6.4%(買いシグナル)', '1ヶ月モメンタム -22.7%(強い下落)']",{}
0688.HK,12.04,HOLD,-10,20.5,-0.33,14.22,14.29,12.1,-3.74,-24.41,6.35,0.3,8.581795,-0.231,-0.136,"['RSI=20.5 売られすぎ(買いシグナル)', 'MACD デッドクロス(売りシグナル)', 'MA 下降トレンド(売りシグナル)', 'BB下限付近 bb_pct=12.1%(買いシグナル)', '1ヶ月モメンタム -24.4%(強い下落)']",{}
278470.KS,391000.0,HOLD,-15,50.4,-537.964,389450.0,405970.0,52.2,5.39,-2.49,15.17,0.51,20.667477,1.329,1.23,"['RSI=50.4 中立', 'MACD デッドクロス(売りシグナル)']",{}
0267.HK,10.67,HOLD,-10,22.0,-0.186,12.24,12.48,-1.9,-7.9,-16.68,-6.11,0.34,4.2369347,-0.25,-0.018,"['RSI=22.0 売られすぎ(買いシグナル)', 'MACD デッドクロス(売りシグナル)', 'MA 下降トレンド(売りシグナル)', 'BB下限付近 bb_pct=-1.9%(買いシグナル)', '1ヶ月モメンタム -16.7%(強い下落)']",{}
0358.HK,30.82,SELL,-30,38.5,-0.57,35.0,35.91,15.1,-11.49,-17.61,-7.66,0.2,7.1060696,0.439,0.254,"['RSI=38.5 中立', 'MACD デッドクロス(売りシグナル)', 'MA 下降トレンド(売りシグナル)', 'BB下限付近 bb_pct=15.1%(買いシグナル)', '1ヶ月モメンタム -17.6%(強い下落)']",{}
3692.HK,29.42,HOLD,0,40.3,0.243,29.55,33.48,44.6,0.68,-5.16,-17.08,0.34,23.495096,0.458,0.32,"['RSI=40.3 中立', 'MACD ゴールデンクロス(買いシグナル)', 'MA 下降トレンド(売りシグナル)']",{}
086280.KS,185900.0,SELL,-30,39.6,-1934.306,202430.0,222252.0,19.6,-1.69,-16.07,-12.1,0.3,7.6584787,-0.145,0.082,"['RSI=39.6 中立', 'MACD デッドクロス(売りシグナル)', 'MA 下降トレンド(売りシグナル)', 'BB下限付近 bb_pct=19.6%(買いシグナル)', '1ヶ月モメンタム -16.1%(強い下落)']",{}
601899.SS,24.99,SELL,-30,34.3,-0.307,28.28,30.86,7.2,-8.28,-19.69,-25.73,0.51,7.971292,0.957,0.248,"['RSI=34.3 中立', 'MACD デッドクロス(売りシグナル)', 'MA 下降トレンド(売りシグナル)', 'BB下限付近 bb_pct=7.2%(買いシグナル)', '1ヶ月モメンタム -19.7%(強い下落)']",{}
601138.SS,72.85,HOLD,-15,50.7,-0.704,74.31,69.85,39.8,-5.12,-8.95,36.63,0.47,20.11764,1.038,0.565,"['RSI=50.7 中立', 'MACD デッドクロス(売りシグナル)']",{}
0291.HK,21.12,HOLD,-10,29.3,-0.072,22.72,24.36,11.8,-1.68,-12.51,-15.57,0.21,9.434932,,-0.057,"['RSI=29.3 売られすぎ(買いシグナル)', 'MACD デッドクロス(売りシグナル)', 'MA 下降トレンド(売りシグナル)', 'BB下限付近 bb_pct=11.8%(買いシグナル)', '1ヶ月モメンタム -12.5%(強い下落)']",{}
1336.HK,46.26,HOLD,-20,39.8,-0.479,49.28,49.72,17.2,-7.26,-4.46,-0.04,0.23,3.9828498,0.101,0.032,"['RSI=39.8 中立', 'MACD デッドクロス(売りシグナル)', 'MA 下降トレンド(売りシグナル)', 'BB下限付近 bb_pct=17.2%(買いシグナル)']",{}
2313.HK,39.46,HOLD,-10,28.5,-0.255,42.6,44.51,11.7,-1.4,-15.68,-13.48,0.49,7.856553,-0.2,0.022,"['RSI=28.5 売られすぎ(買いシグナル)', 'MACD デッドクロス(売りシグナル)', 'MA 下降トレンド(売りシグナル)', 'BB下限付近 bb_pct=11.7%(買いシグナル)', '1ヶ月モメンタム -15.7%(強い下落)']",{}
352820.KS,190100.0,SELL,-30,38.4,-1836.935,208565.0,228996.0,19.3,-1.96,-10.96,-29.2,0.49,19.432974,,0.395,"['RSI=38.4 中立', 'MACD デッドクロス(売りシグナル)', 'MA 下降トレンド(売りシグナル)', 'BB下限付近 bb_pct=19.3%(買いシグナル)', '1ヶ月モメンタム -11.0%(強い下落)']",{}
000150.KS,1496000.0,HOLD,-25,43.8,-28858.534,1631550.0,1627769.29,23.3,-3.17,-22.0,46.61,0.33,35.8286,0.652,0.177,"['RSI=43.8 中立', 'MACD デッドクロス(売りシグナル)', '1ヶ月モメンタム -22.0%(強い下落)']",{}
1818.HK,16.02,HOLD,-10,27.3,-0.115,19.3,23.64,2.9,-12.12,-26.67,-49.26,0.33,6.4566426,0.882,0.467,"['RSI=27.3 売られすぎ(買いシグナル)', 'MACD デッドクロス(売りシグナル)', 'MA 下降トレンド(売りシグナル)', 'BB下限付近 bb_pct=2.9%(買いシグナル)', '1ヶ月モメンタム -26.7%(強い下落)']",{}
2382.HK,61.75,HOLD,-15,36.4,-2.442,74.44,69.62,4.5,-18.64,-24.49,17.25,0.42,12.193088,0.838,0.213,"['RSI=36.4 中立', 'MACD デッドクロス(売りシグナル)', 'BB下限付近 bb_pct=4.5%(買いシグナル)', '1ヶ月モメンタム -24.5%(強い下落)']",{}
1530.HK,16.88,HOLD,15,46.8,0.275,16.29,19.28,79.1,2.8,0.06,-25.44,0.38,11.123513,6.117,1.827,"['RSI=46.8 中立', 'MACD ゴールデンクロス(買いシグナル)']",{}
601288.SS,6.09,HOLD,-20,36.0,-0.043,6.46,6.59,1.9,-3.94,-5.58,-7.19,0.48,6.973389,0.053,0.023,"['RSI=36.0 中立', 'MACD デッドクロス(売りシグナル)', 'MA 下降トレンド(売りシグナル)', 'BB下限付近 bb_pct=1.9%(買いシグナル)']",{}
1928.HK,13.03,HOLD,-10,29.9,-0.103,14.32,15.14,17.6,-1.73,-20.31,-18.39,0.32,10.052761,-0.041,0.12,"['RSI=29.9 売られすぎ(買いシグナル)', 'MACD デッドクロス(売りシグナル)', 'MA 下降トレンド(売りシグナル)', 'BB下限付近 bb_pct=17.6%(買いシグナル)', '1ヶ月モメンタム -20.3%(強い下落)']",{}
1997.HK,21.34,HOLD,0,35.1,0.002,22.29,23.76,15.1,-1.66,-11.45,-2.9,0.4,9.726705,,-0.0,"['RSI=35.1 中立', 'MACD ゴールデンクロス(買いシグナル)', 'MA 下降トレンド(売りシグナル)', 'BB下限付近 bb_pct=15.1%(買いシグナル)', '1ヶ月モメンタム -11.5%(強い下落)']",{}
003670.KS,178500.0,SELL,-40,41.0,-943.76,193790.0,227186.0,26.9,0.22,-19.78,-16.2,0.85,152.40834,,-0.104,"['RSI=41.0 中立', 'MACD デッドクロス(売りシグナル)', 'MA 下降トレンド(売りシグナル)', '1ヶ月モメンタム -19.8%(強い下落)']",{}
1038.HK,60.15,HOLD,5,54.4,0.466,58.28,61.33,89.2,1.69,3.98,-0.96,0.19,17.40673,0.03,-0.121,"['RSI=54.4 中立', 'MACD ゴールデンクロス(買いシグナル)', 'BB上限付近 bb_pct=89.2%(売りシグナル)']",{}
1919.HK,12.92,SELL,-30,34.4,-0.106,13.89,14.14,10.9,-2.71,-12.94,-10.27,0.67,12.382124,-0.486,-0.106,"['RSI=34.4 中立', 'MACD デッドクロス(売りシグナル)', 'MA 下降トレンド(売りシグナル)', 'BB下限付近 bb_pct=10.9%(買いシグナル)', '1ヶ月モメンタム -12.9%(強い下落)']",{}
3606.HK,50.9,SELL,-40,39.9,-0.02,52.77,56.77,30.2,2.99,-10.47,-11.29,0.53,9.572187,-0.154,0.051,"['RSI=39.9 中立', 'MACD デッドクロス(売りシグナル)', 'MA 下降トレンド(売りシグナル)', '1ヶ月モメンタム -10.5%(強い下落)']",{}
0836.HK,16.99,HOLD,-10,28.0,-0.27,19.1,19.22,5.0,-7.16,-17.83,-3.38,0.52,6.4323897,0.25,-0.045,"['RSI=28.0 売られすぎ(買いシグナル)', 'MACD デッドクロス(売りシグナル)', 'MA 下降トレンド(売りシグナル)', 'BB下限付近 bb_pct=5.0%(買いシグナル)', '1ヶ月モメンタム -17.8%(強い下落)']",{}
028300.KS,51000.0,HOLD,15,51.5,394.259,49442.5,54003.0,67.0,7.37,-8.11,-4.67,0.79,,,,"['RSI=51.5 中立', 'MACD ゴールデンクロス(買いシグナル)']",{}
0083.HK,10.13,HOLD,-10,23.2,-0.061,11.05,11.86,5.3,-4.07,-14.23,-11.84,0.2,19.826979,-0.203,0.345,"['RSI=23.2 売られすぎ(買いシグナル)', 'MACD デッドクロス(売りシグナル)', 'MA 下降トレンド(売りシグナル)', 'BB下限付近 bb_pct=5.3%(買いシグナル)', '1ヶ月モメンタム -14.2%(強い下落)']",{}
1208.HK,6.72,SELL,-30,32.5,-0.203,8.27,8.78,8.6,-10.16,-30.65,-6.93,0.19,6.605263,0.195,0.328,"['RSI=32.5 中立', 'MACD デッドクロス(売りシグナル)', 'MA 下降トレンド(売りシグナル)', 'BB下限付近 bb_pct=8.6%(買いシグナル)', '1ヶ月モメンタム -30.7%(強い下落)']",{}
6030.HK,27.08,BUY,30,52.4,0.046,26.56,26.51,61.1,-1.31,4.48,15.95,0.24,8.631543,0.558,0.44,"['RSI=52.4 中立', 'MACD ゴールデンクロス(買いシグナル)', 'MA 上昇トレンド(買いシグナル)']",{}
0012.HK,24.84,HOLD,-10,26.8,-0.046,26.72,29.4,15.4,-1.9,-16.7,-11.86,0.28,13.693268,-0.161,0.2,"['RSI=26.8 売られすぎ(買いシグナル)', 'MACD デッドクロス(売りシグナル)', 'MA 下降トレンド(売りシグナル)', 'BB下限付近 bb_pct=15.4%(買いシグナル)', '1ヶ月モメンタム -16.7%(強い下落)']",{}
6823.HK,11.7,HOLD,-20,41.5,-0.02,11.9,12.03,18.7,-0.85,-3.7,-0.46,0.27,16.25,0.044,0.063,"['RSI=41.5 中立', 'MACD デッドクロス(売りシグナル)', 'MA 下降トレンド(売りシグナル)', 'BB下限付近 bb_pct=18.7%(買いシグナル)']",{}
005387.KS,220500.0,SELL,-40,40.6,-2689.589,238975.0,251535.45,25.3,3.52,-21.81,-5.89,0.42,,-0.431,0.034,"['RSI=40.6 中立', 'MACD デッドクロス(売りシグナル)', 'MA 下降トレンド(売りシグナル)', '1ヶ月モメンタム -21.8%(強い下落)']",{}
0300.HK,83.2,SELL,-30,49.0,-0.278,84.11,84.16,39.9,4.13,-2.47,4.4,0.5,10.793235,0.037,0.026,"['RSI=49.0 中立', 'MACD デッドクロス(売りシグナル)', 'MA 下降トレンド(売りシグナル)']",{}
1898.HK,9.72,HOLD,-10,24.8,-0.16,11.61,12.56,5.5,-10.5,-25.52,-26.36,0.37,6.0164056,-0.033,-0.109,"['RSI=24.8 売られすぎ(買いシグナル)', 'MACD デッドクロス(売りシグナル)', 'MA 下降トレンド(売りシグナル)', 'BB下限付近 bb_pct=5.5%(買いシグナル)', '1ヶ月モメンタム -25.5%(強い下落)']",{}
0135.HK,6.41,HOLD,-10,29.3,-0.027,6.79,7.11,9.3,-3.32,-10.22,-8.32,0.36,7.64734,-0.177,0.025,"['RSI=29.3 売られすぎ(買いシグナル)', 'MACD デッドクロス(売りシグナル)', 'MA 下降トレンド(売りシグナル)', 'BB下限付近 bb_pct=9.3%(買いシグナル)', '1ヶ月モメンタム -10.2%(強い下落)']",{}
9660.HK,4.34,HOLD,-10,39.9,0.037,4.54,5.86,40.0,7.96,-21.38,-34.44,1.2,-65.14757,,0.512,"['RSI=39.9 中立', 'MACD ゴールデンクロス(買いシグナル)', 'MA 下降トレンド(売りシグナル)', '1ヶ月モメンタム -21.4%(強い下落)']",{}
096770.KS,97700.0,SELL,-40,40.4,-315.452,104185.0,119156.0,28.6,-0.71,-15.99,-15.41,0.43,17.529207,,0.152,"['RSI=40.4 中立', 'MACD デッドクロス(売りシグナル)', 'MA 下降トレンド(売りシグナル)', '1ヶ月モメンタム -16.0%(強い下落)']",{}
688256.SS,1613.0,BUY,30,67.6,15.031,1369.88,1241.76,106.2,11.01,24.08,128.86,0.89,83.01211,1.8,1.596,"['RSI=67.6 中立', 'MACD ゴールデンクロス(買いシグナル)', 'MA 上昇トレンド(買いシグナル)', 'BB上限付近 bb_pct=106.2%(売りシグナル)', '1ヶ月モメンタム +24.1%(強い上昇)']",{}
600999.SS,21.17,HOLD,10,78.7,0.255,18.66,17.24,90.8,4.39,23.58,34.33,0.69,12.601191,0.44,0.525,"['RSI=78.7 買われすぎ(売りシグナル)', 'MACD ゴールデンクロス(買いシグナル)', 'MA 上昇トレンド(買いシグナル)', 'BB上限付近 bb_pct=90.8%(売りシグナル)', '1ヶ月モメンタム +23.6%(強い上昇)']",{}
6881.HK,7.31,HOLD,-20,39.7,-0.034,7.67,8.03,14.3,-2.27,-7.93,-7.47,0.35,4.528715,0.12,0.147,"['RSI=39.7 中立', 'MACD デッドクロス(売りシグナル)', 'MA 下降トレンド(売りシグナル)', 'BB下限付近 bb_pct=14.3%(買いシグナル)']",{}
688041.SS,374.14,BUY,30,67.4,7.551,307.77,305.07,101.2,10.99,32.04,69.9,0.66,137.04762,0.364,0.681,"['RSI=67.4 中立', 'MACD ゴールデンクロス(買いシグナル)', 'MA 上昇トレンド(買いシグナル)', 'BB上限付近 bb_pct=101.2%(売りシグナル)', '1ヶ月モメンタム +32.0%(強い上昇)']",{}
017670.KS,89500.0,HOLD,-25,38.5,-1465.584,99805.0,99098.35,20.9,-1.65,-28.51,16.0,0.26,14.491741,-0.116,-0.014,"['RSI=38.5 中立', 'MACD デッドクロス(売りシグナル)', '1ヶ月モメンタム -28.5%(強い下落)']",{}
0966.HK,18.02,SELL,-30,35.2,-0.209,19.9,21.02,3.5,-6.15,-10.79,-12.01,0.2,4.6135335,9.391,0.364,"['RSI=35.2 中立', 'MACD デッドクロス(売りシグナル)', 'MA 下降トレンド(売りシグナル)', 'BB下限付近 bb_pct=3.5%(買いシグナル)', '1ヶ月モメンタム -10.8%(強い下落)']",{}
0019.HK,81.85,HOLD,0,44.6,0.094,82.91,84.62,27.2,0.49,-2.44,-1.28,0.46,9.044238,17.93,0.054,"['RSI=44.6 中立', 'MACD ゴールデンクロス(買いシグナル)', 'MA 下降トレンド(売りシグナル)']",{}
3908.HK,20.86,HOLD,15,56.2,0.087,19.77,20.09,79.2,2.98,7.05,23.08,0.75,6.4026656,0.84,0.635,"['RSI=56.2 中立', 'MACD ゴールデンクロス(買いシグナル)']",{}
2259.HK,85.75,HOLD,-10,24.0,-0.812,107.75,134.36,1.8,-14.25,-32.0,-50.16,0.33,7.4630995,,1.378,"['RSI=24.0 売られすぎ(買いシグナル)', 'MACD デッドクロス(売りシグナル)', 'MA 下降トレンド(売りシグナル)', 'BB下限付近 bb_pct=1.8%(買いシグナル)', '1ヶ月モメンタム -32.0%(強い下落)']",{}
2333.HK,8.76,HOLD,-10,18.9,-0.086,10.01,11.06,-7.0,-8.75,-17.44,-29.01,0.46,4.300973,-0.476,0.127,"['RSI=18.9 売られすぎ(買いシグナル)', 'MACD デッドクロス(売りシグナル)', 'MA 下降トレンド(売りシグナル)', 'BB下限付近 bb_pct=-7.0%(買いシグナル)', '1ヶ月モメンタム -17.4%(強い下落)']",{}
259960.KS,240500.0,HOLD,-15,51.0,-18.999,234875.0,256080.0,60.0,9.32,-4.56,-2.83,1.0,9.381189,0.43,0.569,"['RSI=51.0 中立', 'MACD デッドクロス(売りシグナル)']",{}
6886.HK,16.68,HOLD,-15,50.0,-0.057,16.79,16.43,43.4,-1.07,1.09,12.63,0.21,6.0697784,0.342,0.45,"['RSI=50.0 中立', 'MACD デッドクロス(売りシグナル)']",{}
0902.HK,5.41,HOLD,5,29.0,-0.135,6.27,6.17,7.9,-5.91,-22.44,-1.41,0.26,7.0634317,-0.074,-0.059,"['RSI=29.0 売られすぎ(買いシグナル)', 'MACD デッドクロス(売りシグナル)', 'BB下限付近 bb_pct=7.9%(買いシグナル)', '1ヶ月モメンタム -22.4%(強い下落)']",{}
600406.SS,22.87,HOLD,15,43.8,0.106,22.86,24.65,50.8,1.72,-5.26,-11.64,0.51,17.51457,0.0,0.075,"['RSI=43.8 中立', 'MACD ゴールデンクロス(買いシグナル)']",{}
3808.HK,38.0,HOLD,-5,41.1,-0.768,42.29,40.41,10.1,-3.46,-9.22,-2.01,0.16,9.837685,0.398,0.269,"['RSI=41.1 中立', 'MACD デッドクロス(売りシグナル)', 'BB下限付近 bb_pct=10.1%(買いシグナル)']",{}
0241.HK,3.09,HOLD,20,26.6,0.002,3.4,3.94,9.3,-5.21,-19.11,-33.69,0.44,15.17315,0.007,0.076,"['RSI=26.6 売られすぎ(買いシグナル)', 'MACD ゴールデンクロス(買いシグナル)', 'MA 下降トレンド(売りシグナル)', 'BB下限付近 bb_pct=9.3%(買いシグナル)', '1ヶ月モメンタム -19.1%(強い下落)']",{}
1787.HK,16.38,HOLD,-10,21.7,-0.268,20.73,25.09,0.5,-13.47,-31.26,-48.74,0.57,6.751013,0.45,0.254,"['RSI=21.7 売られすぎ(買いシグナル)', 'MACD デッドクロス(売りシグナル)', 'MA 下降トレンド(売りシグナル)', 'BB下限付近 bb_pct=0.5%(買いシグナル)', '1ヶ月モメンタム -31.3%(強い下落)']",{}
2099.HK,119.3,SELL,-30,33.5,-2.467,140.72,156.55,11.4,-7.45,-23.82,-20.89,0.28,6.6876173,1.752,0.66,"['RSI=33.5 中立', 'MACD デッドクロス(売りシグナル)', 'MA 下降トレンド(売りシグナル)', 'BB下限付近 bb_pct=11.4%(買いシグナル)', '1ヶ月モメンタム -23.8%(強い下落)']",{}
601328.SS,6.43,HOLD,-5,36.2,-0.049,6.79,6.78,-0.3,-3.02,-6.13,-8.27,0.51,5.887685,-0.118,0.031,"['RSI=36.2 中立', 'MACD デッドクロス(売りシグナル)', 'BB下限付近 bb_pct=-0.3%(買いシグナル)']",{}
005830.KS,137100.0,SELL,-30,40.4,-432.884,142665.0,154694.0,27.0,-0.15,-5.77,-15.47,0.23,4.332294,-0.485,0.106,"['RSI=40.4 中立', 'MACD デッドクロス(売りシグナル)', 'MA 下降トレンド(売りシグナル)']",{}
603993.SS,17.49,SELL,-40,43.7,-0.208,18.79,18.98,26.6,-7.85,-11.4,-2.75,0.41,11.110265,1.0,0.443,"['RSI=43.7 中立', 'MACD デッドクロス(売りシグナル)', 'MA 下降トレンド(売りシグナル)', '1ヶ月モメンタム -11.4%(強い下落)']",{}
6862.HK,10.68,HOLD,-10,26.3,-0.07,11.93,13.13,6.0,-4.3,-17.59,-23.09,0.53,10.220199,-0.136,0.059,"['RSI=26.3 売られすぎ(買いシグナル)', 'MACD デッドクロス(売りシグナル)', 'MA 下降トレンド(売りシグナル)', 'BB下限付近 bb_pct=6.0%(買いシグナル)', '1ヶ月モメンタム -17.6%(強い下落)']",{}
601211.SS,18.07,BUY,30,65.0,0.092,17.0,16.2,86.4,4.93,13.6,9.03,0.44,11.015337,-0.69,0.641,"['RSI=65.0 中立', 'MACD ゴールデンクロス(買いシグナル)', 'MA 上昇トレンド(買いシグナル)', 'BB上限付近 bb_pct=86.4%(売りシグナル)', '1ヶ月モメンタム +13.6%(強い上昇)']",{}
0268.HK,5.99,SELL,-40,33.5,-0.058,6.94,7.83,22.5,-2.12,-33.37,-30.11,0.19,23.863794,1.518,0.126,"['RSI=33.5 中立', 'MACD デッドクロス(売りシグナル)', 'MA 下降トレンド(売りシグナル)', '1ヶ月モメンタム -33.4%(強い下落)']",{}
018260.KS,193800.0,HOLD,-25,43.1,-6434.258,225345.0,206188.0,22.7,2.11,-35.51,28.69,0.31,17.10281,-0.563,-0.039,"['RSI=43.1 中立', 'MACD デッドクロス(売りシグナル)', '1ヶ月モメンタム -35.5%(強い下落)']",{}
601995.SS,36.19,HOLD,5,62.3,0.315,34.06,34.1,87.9,3.43,5.51,10.74,0.6,13.137212,0.84,0.635,"['RSI=62.3 中立', 'MACD ゴールデンクロス(買いシグナル)', 'BB上限付近 bb_pct=87.9%(売りシグナル)']",{}
1209.HK,36.68,HOLD,-10,28.2,-0.192,39.68,43.25,13.8,-0.86,-12.91,-20.24,0.19,14.724841,0.135,0.038,"['RSI=28.2 売られすぎ(買いシグナル)', 'MACD デッドクロス(売りシグナル)', 'MA 下降トレンド(売りシグナル)', 'BB下限付近 bb_pct=13.8%(買いシグナル)', '1ヶ月モメンタム -12.9%(強い下落)']",{}
3898.HK,38.94,HOLD,-15,50.2,-0.246,39.14,38.56,45.6,1.99,-1.98,9.1,0.55,8.988265,0.044,0.125,"['RSI=50.2 中立', 'MACD デッドクロス(売りシグナル)']",{}
000100.KS,71100.0,SELL,-40,40.4,-138.252,75370.0,83550.0,21.8,-1.66,-12.76,-23.47,0.46,26.011946,2.068,0.072,"['RSI=40.4 中立', 'MACD デッドクロス(売りシグナル)', 'MA 下降トレンド(売りシグナル)', '1ヶ月モメンタム -12.8%(強い下落)']",{}
601398.SS,7.09,HOLD,-5,41.5,-0.041,7.37,7.3,14.4,-1.8,-3.41,-4.3,0.57,6.608135,0.043,0.034,"['RSI=41.5 中立', 'MACD デッドクロス(売りシグナル)', 'BB下限付近 bb_pct=14.4%(買いシグナル)']",{}
2611.HK,14.57,HOLD,0,53.1,-0.054,14.55,13.84,51.0,-0.61,0.41,12.16,0.37,7.4287343,-0.69,0.641,"['RSI=53.1 中立', 'MACD デッドクロス(売りシグナル)', 'MA 上昇トレンド(買いシグナル)']",{}
011200.KS,18830.0,SELL,-30,44.1,-134.024,19589.5,20076.8,33.0,-0.58,-3.49,-6.55,0.32,15.383986,-0.48,-0.048,"['RSI=44.1 中立', 'MACD デッドクロス(売りシグナル)', 'MA 下降トレンド(売りシグナル)']",{}
600028.SS,4.47,HOLD,-20,31.6,-0.009,4.71,4.94,-5.5,-4.08,-5.12,-22.36,0.51,10.5608835,0.278,-0.039,"['RSI=31.6 中立', 'MACD デッドクロス(売りシグナル)', 'MA 下降トレンド(売りシグナル)', 'BB下限付近 bb_pct=-5.5%(買いシグナル)']",{}
0151.HK,3.73,HOLD,-10,30.0,-0.027,4.06,4.21,-3.3,-5.57,-11.82,-19.09,0.19,8.957547,-0.078,0.021,"['RSI=30.0 売られすぎ(買いシグナル)', 'MACD デッドクロス(売りシグナル)', 'MA 下降トレンド(売りシグナル)', 'BB下限付近 bb_pct=-3.3%(買いシグナル)', '1ヶ月モメンタム -11.8%(強い下落)']",{}
1766.HK,4.44,HOLD,-10,24.6,-0.082,5.02,5.04,-2.5,-5.53,-13.63,-10.05,0.31,5.865925,0.091,0.106,"['RSI=24.6 売られすぎ(買いシグナル)', 'MACD デッドクロス(売りシグナル)', 'MA 下降トレンド(売りシグナル)', 'BB下限付近 bb_pct=-2.5%(買いシグナル)', '1ヶ月モメンタム -13.6%(強い下落)']",{}
1988.HK,3.11,HOLD,0,27.8,-0.027,3.36,3.44,-6.7,-4.89,-8.77,-13.74,0.41,4.2098775,-0.103,-0.078,"['RSI=27.8 売られすぎ(買いシグナル)', 'MACD デッドクロス(売りシグナル)', 'MA 下降トレンド(売りシグナル)', 'BB下限付近 bb_pct=-6.7%(買いシグナル)']",{}
600026.SS,17.89,HOLD,0,42.2,0.133,18.73,20.53,37.8,-21.64,-3.56,-24.36,0.53,9.814678,1.674,0.269,"['RSI=42.2 中立', 'MACD ゴールデンクロス(買いシグナル)', 'MA 下降トレンド(売りシグナル)']",{}
0270.HK,7.85,SELL,-30,38.8,-0.036,8.07,8.2,26.2,1.55,-6.21,0.38,0.34,11.056338,,0.093,"['RSI=38.8 中立', 'MACD デッドクロス(売りシグナル)', 'MA 下降トレンド(売りシグナル)']",{}
601166.SS,16.58,HOLD,-5,33.9,-0.166,17.72,17.56,0.1,-3.15,-8.47,-9.92,0.42,4.750716,-0.01,-0.016,"['RSI=33.9 中立', 'MACD デッドクロス(売りシグナル)', 'BB下限付近 bb_pct=0.1%(買いシグナル)']",{}
2018.HK,42.88,HOLD,-15,44.6,-0.695,45.76,42.54,15.1,-7.71,-10.1,30.6,0.35,12.838363,0.329,0.15,"['RSI=44.6 中立', 'MACD デッドクロス(売りシグナル)', 'BB下限付近 bb_pct=15.1%(買いシグナル)', '1ヶ月モメンタム -10.1%(強い下落)']",{}
600276.SS,51.88,HOLD,5,57.7,0.712,48.34,51.22,99.5,3.24,7.19,-9.77,0.89,30.055325,0.133,0.13,"['RSI=57.7 中立', 'MACD ゴールデンクロス(買いシグナル)', 'BB上限付近 bb_pct=99.5%(売りシグナル)']",{}
2268.HK,57.7,HOLD,5,62.0,1.534,50.21,54.29,95.2,8.46,5.39,-0.86,0.47,22.86464,0.223,0.359,"['RSI=62.0 中立', 'MACD ゴールデンクロス(買いシグナル)', 'BB上限付近 bb_pct=95.2%(売りシグナル)']",{}
003230.KS,1128000.0,HOLD,15,45.6,8257.093,1122850.0,1242660.0,54.6,0.53,-1.05,-11.39,0.43,12.525366,0.444,0.35,"['RSI=45.6 中立', 'MACD ゴールデンクロス(買いシグナル)']",{}
0144.HK,12.29,HOLD,-10,15.5,-0.099,13.66,14.62,7.7,-4.58,-19.59,-13.32,0.33,6.6659074,-0.171,0.141,"['RSI=15.5 売られすぎ(買いシグナル)', 'MACD デッドクロス(売りシグナル)', 'MA 下降トレンド(売りシグナル)', 'BB下限付近 bb_pct=7.7%(買いシグナル)', '1ヶ月モメンタム -19.6%(強い下落)']",{}
600309.SS,68.81,HOLD,0,39.7,0.334,71.55,77.81,20.3,-7.88,-8.45,-15.61,0.96,9.426026,0.214,0.255,"['RSI=39.7 中立', 'MACD ゴールデンクロス(買いシグナル)', 'MA 下降トレンド(売りシグナル)']",{}
600703.SS,21.24,BUY,30,67.6,0.465,17.83,16.35,84.1,-2.61,40.11,79.24,0.71,711.3195,-0.75,-0.326,"['RSI=67.6 中立', 'MACD ゴールデンクロス(買いシグナル)', 'MA 上昇トレンド(買いシグナル)', 'BB上限付近 bb_pct=84.1%(売りシグナル)', '1ヶ月モメンタム +40.1%(強い上昇)']",{}
0914.HK,16.68,HOLD,-10,26.5,-0.078,17.83,18.54,1.2,-2.11,-10.42,-18.36,0.4,7.56216,-0.176,-0.105,"['RSI=26.5 売られすぎ(買いシグナル)', 'MACD デッドクロス(売りシグナル)', 'MA 下降トレンド(売りシグナル)', 'BB下限付近 bb_pct=1.2%(買いシグナル)', '1ヶ月モメンタム -10.4%(強い下落)']",{}
3888.HK,22.4,SELL,-30,48.6,-0.098,22.75,22.95,40.2,2.85,-4.84,0.26,0.2,18.903635,2.762,0.034,"['RSI=48.6 中立', 'MACD デッドクロス(売りシグナル)', 'MA 下降トレンド(売りシグナル)']",{}
0136.HK,1.5,HOLD,15,54.5,0.004,1.44,1.46,70.9,6.38,-5.06,-1.96,0.36,12.0,,-0.379,"['RSI=54.5 中立', 'MACD ゴールデンクロス(買いシグナル)']",{}
0392.HK,27.26,HOLD,-10,27.9,-0.117,28.74,29.96,13.8,-1.02,-10.51,-6.52,0.45,5.4457374,-0.163,0.023,"['RSI=27.9 売られすぎ(買いシグナル)', 'MACD デッドクロス(売りシグナル)', 'MA 下降トレンド(売りシグナル)', 'BB下限付近 bb_pct=13.8%(買いシグナル)', '1ヶ月モメンタム -10.5%(強い下落)']",{}
2618.HK,11.68,SELL,-30,32.7,-0.035,12.48,13.79,17.0,-0.34,-13.93,-14.43,0.46,6.1399407,,0.29,"['RSI=32.7 中立', 'MACD デッドクロス(売りシグナル)', 'MA 下降トレンド(売りシグナル)', 'BB下限付近 bb_pct=17.0%(買いシグナル)', '1ヶ月モメンタム -13.9%(強い下落)']",{}
688012.SS,453.55,HOLD,10,84.1,12.342,339.03,294.64,99.4,18.42,60.38,115.78,0.85,91.70055,1.94,0.341,"['RSI=84.1 買われすぎ(売りシグナル)', 'MACD ゴールデンクロス(買いシグナル)', 'MA 上昇トレンド(買いシグナル)', 'BB上限付近 bb_pct=99.4%(売りシグナル)', '1ヶ月モメンタム +60.4%(強い上昇)']",{}
600989.SS,20.32,HOLD,-10,27.8,-0.025,22.42,25.59,6.3,-9.33,-17.23,-28.15,0.41,8.99115,0.515,0.229,"['RSI=27.8 売られすぎ(買いシグナル)', 'MACD デッドクロス(売りシグナル)', 'MA 下降トレンド(売りシグナル)', 'BB下限付近 bb_pct=6.3%(買いシグナル)', '1ヶ月モメンタム -17.2%(強い下落)']",{}
1099.HK,15.81,HOLD,0,40.8,0.071,16.02,16.91,29.3,0.32,-2.61,-17.75,1.48,5.1097484,-0.043,-0.006,"['RSI=40.8 中立', 'MACD ゴールデンクロス(買いシグナル)', 'MA 下降トレンド(売りシグナル)']",{}
1519.HK,8.43,HOLD,0,44.2,0.011,8.65,9.22,33.7,2.55,-7.57,-16.62,0.25,10.775375,2.575,0.234,"['RSI=44.2 中立', 'MACD ゴールデンクロス(買いシグナル)', 'MA 下降トレンド(売りシグナル)']",{}
0168.HK,43.26,SELL,-30,38.3,-0.06,44.95,47.25,24.7,0.62,-8.69,-5.36,0.56,10.453518,0.052,-0.015,"['RSI=38.3 中立', 'MACD デッドクロス(売りシグナル)', 'MA 下降トレンド(売りシグナル)']",{}
600332.SS,20.05,HOLD,-20,37.4,-0.052,20.82,21.45,2.3,-3.0,-6.0,-11.26,0.57,10.022695,-0.021,0.036,"['RSI=37.4 中立', 'MACD デッドクロス(売りシグナル)', 'MA 下降トレンド(売りシグナル)', 'BB下限付近 bb_pct=2.3%(買いシグナル)']",{}
0285.HK,20.8,HOLD,-10,22.3,-0.393,24.78,26.41,14.4,-6.39,-29.99,-24.11,0.29,8.452359,-0.352,0.001,"['RSI=22.3 売られすぎ(買いシグナル)', 'MACD デッドクロス(売りシグナル)', 'MA 下降トレンド(売りシグナル)', 'BB下限付近 bb_pct=14.4%(買いシグナル)', '1ヶ月モメンタム -30.0%(強い下落)']",{}
0390.HK,3.32,HOLD,-20,30.9,-0.019,3.54,3.69,-0.4,-4.32,-9.29,-17.82,0.23,3.5226033,-0.278,-0.054,"['RSI=30.9 中立', 'MACD デッドクロス(売りシグナル)', 'MA 下降トレンド(売りシグナル)', 'BB下限付近 bb_pct=-0.4%(買いシグナル)']",{}
034220.KS,11525.0,SELL,-30,37.7,-268.523,13444.25,13628.1,15.4,-5.38,-30.95,3.09,0.26,6.5257783,,-0.088,"['RSI=37.7 中立', 'MACD デッドクロス(売りシグナル)', 'MA 下降トレンド(売りシグナル)', 'BB下限付近 bb_pct=15.4%(買いシグナル)', '1ヶ月モメンタム -30.9%(強い下落)']",{}
0780.HK,12.02,HOLD,-10,28.1,-0.025,13.36,15.36,1.3,-6.2,-17.83,-31.89,0.71,5.6526847,0.138,0.144,"['RSI=28.1 売られすぎ(買いシグナル)', 'MACD デッドクロス(売りシグナル)', 'MA 下降トレンド(売りシグナル)', 'BB下限付近 bb_pct=1.3%(買いシグナル)', '1ヶ月モメンタム -17.8%(強い下落)']",{}
0004.HK,17.87,HOLD,10,28.3,0.034,19.62,22.99,21.6,-3.61,-24.34,-16.67,0.38,11.864689,,0.048,"['RSI=28.3 売られすぎ(買いシグナル)', 'MACD ゴールデンクロス(買いシグナル)', 'MA 下降トレンド(売りシグナル)', '1ヶ月モメンタム -24.3%(強い下落)']",{}
601088.SS,38.79,HOLD,-10,26.7,-0.586,44.21,45.36,15.9,-3.15,-19.59,-16.8,0.53,13.327882,-0.122,0.012,"['RSI=26.7 売られすぎ(買いシグナル)', 'MACD デッドクロス(売りシグナル)', 'MA 下降トレンド(売りシグナル)', 'BB下限付近 bb_pct=15.9%(買いシグナル)', '1ヶ月モメンタム -19.6%(強い下落)']",{}
2525.HK,129.2,SELL,-40,39.6,-0.946,140.23,159.07,31.1,0.78,-20.64,-8.56,0.64,18.259869,,0.296,"['RSI=39.6 中立', 'MACD デッドクロス(売りシグナル)', 'MA 下降トレンド(売りシグナル)', '1ヶ月モメンタム -20.6%(強い下落)']",{}
2883.HK,6.15,HOLD,-10,18.0,-0.086,7.17,7.88,5.6,-6.82,-21.35,-29.01,0.61,5.076683,-0.036,0.046,"['RSI=18.0 売られすぎ(買いシグナル)', 'MACD デッドクロス(売りシグナル)', 'MA 下降トレンド(売りシグナル)', 'BB下限付近 bb_pct=5.6%(買いシグナル)', '1ヶ月モメンタム -21.3%(強い下落)']",{}
1772.HK,49.6,SELL,-30,30.0,-0.367,56.37,68.67,7.0,-11.51,-19.48,-31.65,0.41,13.780154,,1.438,"['RSI=30.0 中立', 'MACD デッドクロス(売りシグナル)', 'MA 下降トレンド(売りシグナル)', 'BB下限付近 bb_pct=7.0%(買いシグナル)', '1ヶ月モメンタム -19.5%(強い下落)']",{}
010950.KS,108100.0,HOLD,-15,50.4,-328.03,107865.0,112374.0,51.1,0.75,-0.18,1.82,0.73,9.293003,,-0.005,"['RSI=50.4 中立', 'MACD デッドクロス(売りシグナル)']",{}
0322.HK,9.77,SELL,-40,37.3,-0.05,10.52,11.01,23.3,2.63,-16.06,-18.32,0.14,10.076675,0.205,-0.012,"['RSI=37.3 中立', 'MACD デッドクロス(売りシグナル)', 'MA 下降トレンド(売りシグナル)', '1ヶ月モメンタム -16.1%(強い下落)']",{}
9880.HK,101.5,SELL,-40,46.6,-1.279,106.09,108.4,35.2,4.96,-11.2,18.85,0.58,57.905483,,0.686,"['RSI=46.6 中立', 'MACD デッドクロス(売りシグナル)', 'MA 下降トレンド(売りシグナル)', '1ヶ月モメンタム -11.2%(強い下落)']",{}
601816.SS,4.5,SELL,-30,32.2,-0.031,4.8,4.87,12.8,-0.88,-11.76,-11.42,0.5,14.14205,0.063,0.033,"['RSI=32.2 中立', 'MACD デッドクロス(売りシグナル)', 'MA 下降トレンド(売りシグナル)', 'BB下限付近 bb_pct=12.8%(買いシグナル)', '1ヶ月モメンタム -11.8%(強い下落)']",{}
0126Z0.KS,444500.0,HOLD,15,48.2,5156.958,436625.0,491070.0,59.4,4.34,-4.2,-9.93,0.7,30.788944,,,"['RSI=48.2 中立', 'MACD ゴールデンクロス(買いシグナル)']",{}
9863.HK,34.28,SELL,-40,35.2,-0.047,37.31,42.55,23.8,1.36,-21.66,-27.09,0.4,7.5622435,,0.736,"['RSI=35.2 中立', 'MACD デッドクロス(売りシグナル)', 'MA 下降トレンド(売りシグナル)', '1ヶ月モメンタム -21.7%(強い下落)']",{}
1044.HK,21.54,HOLD,-10,25.6,-0.182,23.48,24.72,9.1,-1.28,-10.77,-19.21,0.36,8.335263,0.308,0.039,"['RSI=25.6 売られすぎ(買いシグナル)', 'MACD デッドクロス(売りシグナル)', 'MA 下降トレンド(売りシグナル)', 'BB下限付近 bb_pct=9.1%(買いシグナル)', '1ヶ月モメンタム -10.8%(強い下落)']",{}
603986.SS,823.95,HOLD,10,78.1,24.657,595.76,463.78,95.6,16.86,73.58,223.59,0.61,70.34293,5.229,1.194,"['RSI=78.1 買われすぎ(売りシグナル)', 'MACD ゴールデンクロス(買いシグナル)', 'MA 上昇トレンド(買いシグナル)', 'BB上限付近 bb_pct=95.6%(売りシグナル)', '1ヶ月モメンタム +73.6%(強い上昇)']",{}
601456.SS,8.84,SELL,-30,42.7,-0.034,9.07,9.21,33.0,-2.64,0.0,-3.28,0.33,18.527058,0.125,0.181,"['RSI=42.7 中立', 'MACD デッドクロス(売りシグナル)', 'MA 下降トレンド(売りシグナル)']",{}
601658.SS,4.87,HOLD,-20,42.7,-0.011,4.99,5.02,15.2,-1.02,-2.79,-4.7,0.44,6.5674133,-0.167,-0.003,"['RSI=42.7 中立', 'MACD デッドクロス(売りシグナル)', 'MA 下降トレンド(売りシグナル)', 'BB下限付近 bb_pct=15.2%(買いシグナル)']",{}
1357.HK,3.73,SELL,-30,35.1,-0.107,4.48,4.52,15.5,-1.84,-32.57,-12.14,0.16,8.560049,,,"['RSI=35.1 中立', 'MACD デッドクロス(売りシグナル)', 'MA 下降トレンド(売りシグナル)', 'BB下限付近 bb_pct=15.5%(買いシグナル)', '1ヶ月モメンタム -32.6%(強い下落)']",{}
0384.HK,5.27,HOLD,-10,15.3,-0.119,6.42,6.97,1.0,-8.19,-25.25,-26.29,0.7,9.307501,-0.074,-0.114,"['RSI=15.3 売られすぎ(買いシグナル)', 'MACD デッドクロス(売りシグナル)', 'MA 下降トレンド(売りシグナル)', 'BB下限付近 bb_pct=1.0%(買いシグナル)', '1ヶ月モメンタム -25.2%(強い下落)']",{}
600000.SS,8.53,HOLD,0,29.3,-0.084,9.21,9.25,-5.6,-4.16,-8.38,-16.7,0.39,5.383741,0.0,0.026,"['RSI=29.3 売られすぎ(買いシグナル)', 'MACD デッドクロス(売りシグナル)', 'MA 下降トレンド(売りシグナル)', 'BB下限付近 bb_pct=-5.6%(買いシグナル)']",{}
1929.HK,10.88,HOLD,-5,40.1,-0.156,11.72,11.39,16.4,-5.23,-6.69,0.0,0.22,9.677305,0.872,0.103,"['RSI=40.1 中立', 'MACD デッドクロス(売りシグナル)', 'BB下限付近 bb_pct=16.4%(買いシグナル)']",{}
0316.HK,121.7,SELL,-40,36.7,-0.628,129.13,133.63,24.9,0.5,-13.99,-10.49,0.28,10.826409,-0.679,-0.2,"['RSI=36.7 中立', 'MACD デッドクロス(売りシグナル)', 'MA 下降トレンド(売りシグナル)', '1ヶ月モメンタム -14.0%(強い下落)']",{}
2380.HK,2.75,HOLD,-10,27.3,-0.049,3.14,3.21,16.6,-2.83,-22.74,-8.07,0.32,9.50681,-0.564,-0.046,"['RSI=27.3 売られすぎ(買いシグナル)', 'MACD デッドクロス(売りシグナル)', 'MA 下降トレンド(売りシグナル)', 'BB下限付近 bb_pct=16.6%(買いシグナル)', '1ヶ月モメンタム -22.7%(強い下落)']",{}
600600.SS,51.92,HOLD,-10,26.2,-0.509,56.88,59.86,15.1,-0.52,-14.9,-17.98,0.42,14.513983,0.052,-0.015,"['RSI=26.2 売られすぎ(買いシグナル)', 'MACD デッドクロス(売りシグナル)', 'MA 下降トレンド(売りシグナル)', 'BB下限付近 bb_pct=15.1%(買いシグナル)', '1ヶ月モメンタム -14.9%(強い下落)']",{}
600089.SS,22.49,SELL,-40,37.0,-0.038,23.86,25.8,21.5,-4.05,-13.9,-16.02,0.41,13.358358,0.134,0.068,"['RSI=37.0 中立', 'MACD デッドクロス(売りシグナル)', 'MA 下降トレンド(売りシグナル)', '1ヶ月モメンタム -13.9%(強い下落)']",{}
1193.HK,14.64,HOLD,-10,15.5,-0.177,16.46,17.48,10.1,-3.62,-18.89,-20.25,0.43,8.889537,0.788,-0.052,"['RSI=15.5 売られすぎ(買いシグナル)', 'MACD デッドクロス(売りシグナル)', 'MA 下降トレンド(売りシグナル)', 'BB下限付近 bb_pct=10.1%(買いシグナル)', '1ヶ月モメンタム -18.9%(強い下落)']",{}
3800.HK,0.71,HOLD,-10,42.6,0.003,0.73,0.83,38.4,5.97,-12.35,-17.44,0.52,9.778945,,0.394,"['RSI=42.6 中立', 'MACD ゴールデンクロス(買いシグナル)', 'MA 下降トレンド(売りシグナル)', '1ヶ月モメンタム -12.3%(強い下落)']",{}
0763.HK,23.48,HOLD,-15,42.9,-0.37,25.66,25.26,16.3,-2.0,-13.54,9.78,0.25,8.307922,-0.471,0.061,"['RSI=42.9 中立', 'MACD デッドクロス(売りシグナル)', 'BB下限付近 bb_pct=16.3%(買いシグナル)', '1ヶ月モメンタム -13.5%(強い下落)']",{}
601601.SS,28.28,SELL,-30,33.3,-0.193,31.07,33.66,-1.3,-5.16,-10.79,-26.18,0.74,5.3110576,-0.06,-0.033,"['RSI=33.3 中立', 'MACD デッドクロス(売りシグナル)', 'MA 下降トレンド(売りシグナル)', 'BB下限付近 bb_pct=-1.3%(買いシグナル)', '1ヶ月モメンタム -10.8%(強い下落)']",{}
600188.SS,17.49,HOLD,-15,31.9,-0.53,21.64,21.3,14.9,-6.87,-26.7,-8.0,0.5,11.588767,0.432,0.018,"['RSI=31.9 中立', 'MACD デッドクロス(売りシグナル)', 'BB下限付近 bb_pct=14.9%(買いシグナル)', '1ヶ月モメンタム -26.7%(強い下落)']",{}
3323.HK,5.4,BUY,30,50.5,0.016,5.28,5.23,56.0,1.89,8.22,17.41,0.43,6.467309,,-0.057,"['RSI=50.5 中立', 'MACD ゴールデンクロス(買いシグナル)', 'MA 上昇トレンド(買いシグナル)']",{}
600489.SS,17.75,HOLD,-10,26.7,-0.282,21.04,23.61,0.6,-10.71,-23.43,-34.89,0.68,10.319767,1.333,0.52,"['RSI=26.7 売られすぎ(買いシグナル)', 'MACD デッドクロス(売りシグナル)', 'MA 下降トレンド(売りシグナル)', 'BB下限付近 bb_pct=0.6%(買いシグナル)', '1ヶ月モメンタム -23.4%(強い下落)']",{}
090430.KS,105500.0,HOLD,0,45.4,634.041,106545.0,119144.0,45.3,7.65,-3.48,-21.44,0.65,15.980324,-0.02,0.064,"['RSI=45.4 中立', 'MACD ゴールデンクロス(買いシグナル)', 'MA 下降トレンド(売りシグナル)']",{}
600674.SS,13.98,HOLD,-20,35.5,-0.11,14.82,15.01,14.6,-2.03,-9.46,-5.22,0.34,13.572816,-0.017,-0.096,"['RSI=35.5 中立', 'MACD デッドクロス(売りシグナル)', 'MA 下降トレンド(売りシグナル)', 'BB下限付近 bb_pct=14.6%(買いシグナル)']",{}
600031.SS,17.32,HOLD,-20,38.9,-0.077,18.44,19.26,7.4,-1.7,-4.52,-14.68,0.68,11.393237,-0.071,0.14,"['RSI=38.9 中立', 'MACD デッドクロス(売りシグナル)', 'MA 下降トレンド(売りシグナル)', 'BB下限付近 bb_pct=7.4%(買いシグナル)']",{}
161390.KS,62900.0,HOLD,-15,45.9,-875.244,67205.0,64062.0,24.6,4.31,-9.89,16.7,0.34,5.076102,0.083,0.071,"['RSI=45.9 中立', 'MACD デッドクロス(売りシグナル)']",{}
603288.SS,32.88,HOLD,10,41.7,0.082,33.72,35.67,17.9,-6.08,-3.01,-19.45,0.75,22.066818,0.05,0.086,"['RSI=41.7 中立', 'MACD ゴールデンクロス(買いシグナル)', 'MA 下降トレンド(売りシグナル)', 'BB下限付近 bb_pct=17.9%(買いシグナル)']",{}
323410.KS,20950.0,SELL,-30,42.4,-207.028,22345.0,23091.0,27.1,4.49,-4.77,-11.6,0.25,15.1249,0.363,0.244,"['RSI=42.4 中立', 'MACD デッドクロス(売りシグナル)', 'MA 下降トレンド(売りシグナル)']",{}
6990.HK,435.4,HOLD,5,54.4,5.092,407.22,439.69,96.0,3.08,7.88,-5.35,0.4,130.24619,,1.013,"['RSI=54.4 中立', 'MACD ゴールデンクロス(買いシグナル)', 'BB上限付近 bb_pct=96.0%(売りシグナル)']",{}
0916.HK,5.03,HOLD,-10,21.0,-0.061,5.84,6.27,14.7,-3.82,-25.81,-28.69,0.54,6.8977633,-0.148,-0.036,"['RSI=21.0 売られすぎ(買いシグナル)', 'MACD デッドクロス(売りシグナル)', 'MA 下降トレンド(売りシグナル)', 'BB下限付近 bb_pct=14.7%(買いシグナル)', '1ヶ月モメンタム -25.8%(強い下落)']",{}
603259.SS,124.56,HOLD,10,77.7,2.959,104.42,103.31,100.8,7.94,24.87,21.9,0.87,17.491974,0.234,0.288,"['RSI=77.7 買われすぎ(売りシグナル)', 'MACD ゴールデンクロス(買いシグナル)', 'MA 上昇トレンド(買いシグナル)', 'BB上限付近 bb_pct=100.8%(売りシグナル)', '1ヶ月モメンタム +24.9%(強い上昇)']",{}
2588.HK,81.65,HOLD,5,68.4,0.639,76.66,77.01,92.1,4.95,9.07,9.14,0.22,7.5682197,-0.042,0.075,"['RSI=68.4 中立', 'MACD ゴールデンクロス(買いシグナル)', 'BB上限付近 bb_pct=92.1%(売りシグナル)']",{}
600887.SS,24.03,HOLD,-20,35.9,-0.079,25.03,25.44,8.5,-1.52,-7.4,-5.53,0.57,11.561724,0.104,0.055,"['RSI=35.9 中立', 'MACD デッドクロス(売りシグナル)', 'MA 下降トレンド(売りシグナル)', 'BB下限付近 bb_pct=8.5%(買いシグナル)']",{}
000001.SS,4082.13,HOLD,25,50.0,1.737,4064.82,4100.41,58.6,-0.7,0.17,3.38,19.92,,,,"['RSI=50.0 中立', 'MACD ゴールデンクロス(買いシグナル)', '出来高急増 19.9x(注目)']",{}
600905.SS,3.69,HOLD,-10,24.1,-0.049,4.06,4.11,0.5,-5.87,-14.58,-11.72,0.26,20.254694,-0.574,-0.089,"['RSI=24.1 売られすぎ(買いシグナル)', 'MACD デッドクロス(売りシグナル)', 'MA 下降トレンド(売りシグナル)', 'BB下限付近 bb_pct=0.5%(買いシグナル)', '1ヶ月モメンタム -14.6%(強い下落)']",{}
0177.HK,9.31,HOLD,5,28.0,-0.106,10.13,10.07,-6.1,-3.82,-10.8,-2.67,0.3,8.414496,0.128,-0.053,"['RSI=28.0 売られすぎ(買いシグナル)', 'MACD デッドクロス(売りシグナル)', 'BB下限付近 bb_pct=-6.1%(買いシグナル)', '1ヶ月モメンタム -10.8%(強い下落)']",{}
1585.HK,8.99,HOLD,-10,21.4,-0.098,10.24,10.9,0.4,-6.55,-18.27,-28.45,0.6,6.5934644,4.252,0.289,"['RSI=21.4 売られすぎ(買いシグナル)', 'MACD デッドクロス(売りシグナル)', 'MA 下降トレンド(売りシグナル)', 'BB下限付近 bb_pct=0.4%(買いシグナル)', '1ヶ月モメンタム -18.3%(強い下落)']",{}
047050.KS,49500.0,SELL,-30,36.1,-286.437,55532.5,67227.0,19.0,-1.98,-17.36,-37.74,0.32,9.377812,0.329,0.034,"['RSI=36.1 中立', 'MACD デッドクロス(売りシグナル)', 'MA 下降トレンド(売りシグナル)', 'BB下限付近 bb_pct=19.0%(買いシグナル)', '1ヶ月モメンタム -17.4%(強い下落)']",{}
0968.HK,2.05,HOLD,-10,27.4,-0.021,2.34,2.69,17.1,2.5,-23.22,-29.34,0.43,7.8009057,,-0.029,"['RSI=27.4 売られすぎ(買いシグナル)', 'MACD デッドクロス(売りシグナル)', 'MA 下降トレンド(売りシグナル)', 'BB下限付近 bb_pct=17.1%(買いシグナル)', '1ヶ月モメンタム -23.2%(強い下落)']",{}
600809.SS,107.1,HOLD,-10,29.3,-0.3,115.79,127.54,12.1,1.31,-14.8,-25.82,0.51,10.189306,-0.191,-0.097,"['RSI=29.3 売られすぎ(買いシグナル)', 'MACD デッドクロス(売りシグナル)', 'MA 下降トレンド(売りシグナル)', 'BB下限付近 bb_pct=12.1%(買いシグナル)', '1ヶ月モメンタム -14.8%(強い下落)']",{}
601336.SS,59.27,HOLD,0,46.9,0.103,59.62,61.16,46.6,-4.17,2.7,-4.99,0.5,7.105905,0.101,0.032,"['RSI=46.9 中立', 'MACD ゴールデンクロス(買いシグナル)', 'MA 下降トレンド(売りシグナル)']",{}
601881.SS,12.48,HOLD,15,49.2,0.029,12.42,12.54,54.1,-1.11,0.81,-2.95,0.53,9.621241,0.12,0.147,"['RSI=49.2 中立', 'MACD ゴールデンクロス(買いシグナル)']",{}
688008.SS,310.19,BUY,30,66.4,4.109,255.18,232.71,109.2,16.4,30.88,138.66,0.95,71.45589,0.523,0.195,"['RSI=66.4 中立', 'MACD ゴールデンクロス(買いシグナル)', 'MA 上昇トレンド(買いシグナル)', 'BB上限付近 bb_pct=109.2%(売りシグナル)', '1ヶ月モメンタム +30.9%(強い上昇)']",{}
601229.SS,8.75,HOLD,-20,39.3,-0.025,9.04,9.11,0.3,-1.24,-3.64,-9.39,0.49,5.4911265,0.0,0.043,"['RSI=39.3 中立', 'MACD デッドクロス(売りシグナル)', 'MA 下降トレンド(売りシグナル)', 'BB下限付近 bb_pct=0.3%(買いシグナル)']",{}
600019.SS,5.41,HOLD,-20,38.8,-0.001,5.57,5.84,15.0,-1.46,-5.94,-13.78,0.38,9.146547,-0.091,0.057,"['RSI=38.8 中立', 'MACD デッドクロス(売りシグナル)', 'MA 下降トレンド(売りシグナル)', 'BB下限付近 bb_pct=15.0%(買いシグナル)']",{}
601857.SS,8.69,HOLD,-10,24.2,-0.068,9.69,10.54,8.5,-5.03,-16.17,-25.96,0.53,8.872598,0.019,-0.022,"['RSI=24.2 売られすぎ(買いシグナル)', 'MACD デッドクロス(売りシグナル)', 'MA 下降トレンド(売りシグナル)', 'BB下限付近 bb_pct=8.5%(買いシグナル)', '1ヶ月モメンタム -16.2%(強い下落)']",{}
600549.SS,86.5,BUY,40,66.3,0.846,73.9,63.54,76.9,4.18,55.97,55.44,0.46,55.09554,1.892,0.87,"['RSI=66.3 中立', 'MACD ゴールデンクロス(買いシグナル)', 'MA 上昇トレンド(買いシグナル)', '1ヶ月モメンタム +56.0%(強い上昇)']",{}
601225.SS,20.09,HOLD,-10,28.3,-0.447,23.64,23.69,10.4,-4.84,-20.47,-17.37,0.47,10.801075,-0.124,-0.03,"['RSI=28.3 売られすぎ(買いシグナル)', 'MACD デッドクロス(売りシグナル)', 'MA 下降トレンド(売りシグナル)', 'BB下限付近 bb_pct=10.4%(買いシグナル)', '1ヶ月モメンタム -20.5%(強い下落)']",{}
0960.HK,6.0,HOLD,-10,26.6,-0.166,7.35,8.02,13.3,-4.15,-25.0,-20.53,0.28,9.121722,,-0.522,"['RSI=26.6 売られすぎ(買いシグナル)', 'MACD デッドクロス(売りシグナル)', 'MA 下降トレンド(売りシグナル)', 'BB下限付近 bb_pct=13.3%(買いシグナル)', '1ヶ月モメンタム -25.0%(強い下落)']",{}
601012.SS,13.12,HOLD,15,43.1,0.098,13.1,14.89,51.1,5.38,-2.67,-26.66,0.77,28.968868,,-0.18,"['RSI=43.1 中立', 'MACD ゴールデンクロス(買いシグナル)']",{}
2026.HK,53.1,SELL,-30,30.8,-1.182,65.89,72.36,16.5,-6.1,-38.82,-20.57,0.3,-10.579761,,1.45,"['RSI=30.8 中立', 'MACD デッドクロス(売りシグナル)', 'MA 下降トレンド(売りシグナル)', 'BB下限付近 bb_pct=16.5%(買いシグナル)', '1ヶ月モメンタム -38.8%(強い下落)']",{}
600150.SS,34.26,SELL,-30,41.4,-0.171,35.49,37.38,21.5,-3.08,-6.01,10.34,0.65,19.803467,1.767,0.549,"['RSI=41.4 中立', 'MACD デッドクロス(売りシグナル)', 'MA 下降トレンド(売りシグナル)']",{}
6969.HK,7.06,HOLD,-10,23.0,-0.086,8.16,9.07,13.2,-4.34,-24.73,-18.77,0.6,15.200539,0.053,0.164,"['RSI=23.0 売られすぎ(買いシグナル)', 'MACD デッドクロス(売りシグナル)', 'MA 下降トレンド(売りシグナル)', 'BB下限付近 bb_pct=13.2%(買いシグナル)', '1ヶ月モメンタム -24.7%(強い下落)']",{}
601100.SS,108.8,HOLD,-5,43.2,-1.367,114.78,111.04,16.1,-1.06,-2.3,6.67,0.57,35.37176,0.065,0.325,"['RSI=43.2 中立', 'MACD デッドクロス(売りシグナル)', 'BB下限付近 bb_pct=16.1%(買いシグナル)']",{}
601985.SS,8.89,HOLD,-5,44.3,-0.029,9.1,9.02,12.8,0.91,-4.2,-0.67,0.43,17.78,-0.342,-0.066,"['RSI=44.3 中立', 'MACD デッドクロス(売りシグナル)', 'BB下限付近 bb_pct=12.8%(買いシグナル)']",{}
600111.SS,47.86,SELL,-30,44.8,-0.221,49.29,50.36,29.9,-2.78,-1.19,-1.01,0.38,36.48255,1.132,0.277,"['RSI=44.8 中立', 'MACD デッドクロス(売りシグナル)', 'MA 下降トレンド(売りシグナル)']",{}
3998.HK,4.3,HOLD,15,56.9,0.014,4.13,4.22,66.7,15.28,-5.7,7.5,0.49,9.61345,0.152,0.077,"['RSI=56.9 中立', 'MACD ゴールデンクロス(買いシグナル)']",{}
601818.SS,2.9,HOLD,0,26.4,-0.025,3.1,3.12,-9.0,-4.61,-7.94,-9.37,0.73,4.823365,-0.105,-0.071,"['RSI=26.4 売られすぎ(買いシグナル)', 'MACD デッドクロス(売りシグナル)', 'MA 下降トレンド(売りシグナル)', 'BB下限付近 bb_pct=-9.0%(買いシグナル)']",{}
600886.SS,13.18,SELL,-30,43.4,-0.046,13.56,13.57,27.0,0.08,-8.85,-5.92,0.36,11.767858,-0.027,-0.046,"['RSI=43.4 中立', 'MACD デッドクロス(売りシグナル)', 'MA 下降トレンド(売りシグナル)']",{}
180640.KS,117500.0,HOLD,-15,50.7,-354.888,117655.0,115512.0,49.3,3.07,2.8,5.86,0.36,,0.158,0.111,"['RSI=50.7 中立', 'MACD デッドクロス(売りシグナル)']",{}
9995.HK,74.05,HOLD,15,48.0,1.654,70.88,85.91,74.0,7.47,-3.46,-22.7,1.09,42.387074,,0.248,"['RSI=48.0 中立', 'MACD ゴールデンクロス(買いシグナル)']",{}
601939.SS,9.49,HOLD,-5,34.5,-0.093,10.12,9.95,-3.9,-4.33,-6.78,0.42,0.58,6.9026213,0.0,0.05,"['RSI=34.5 中立', 'MACD デッドクロス(売りシグナル)', 'BB下限付近 bb_pct=-3.9%(買いシグナル)']",{}
326030.KS,87000.0,HOLD,0,47.0,418.144,87650.0,94344.0,44.0,0.46,-1.58,-7.74,0.29,17.727102,3.506,0.578,"['RSI=47.0 中立', 'MACD ゴールデンクロス(買いシグナル)', 'MA 下降トレンド(売りシグナル)']",{}
600919.SS,10.87,HOLD,-5,35.9,-0.079,11.4,11.28,0.6,-2.86,-5.48,0.46,0.54,4.896639,0.094,0.122,"['RSI=35.9 中立', 'MACD デッドクロス(売りシグナル)', 'BB下限付近 bb_pct=0.6%(買いシグナル)']",{}
024110.KS,20250.0,SELL,-30,43.4,-137.947,20908.0,21270.2,32.2,0.5,-0.49,-6.47,0.25,5.540422,-0.087,-0.003,"['RSI=43.4 中立', 'MACD デッドクロス(売りシグナル)', 'MA 下降トレンド(売りシグナル)']",{}
6186.HK,2.81,SELL,-30,33.8,-0.017,3.02,3.12,6.1,-1.75,-10.62,-15.76,0.17,8.131457,-0.445,-0.159,"['RSI=33.8 中立', 'MACD デッドクロス(売りシグナル)', 'MA 下降トレンド(売りシグナル)', 'BB下限付近 bb_pct=6.1%(買いシグナル)', '1ヶ月モメンタム -10.6%(強い下落)']",{}
003490.KS,27500.0,BUY,30,52.0,6.046,26947.5,26174.0,57.7,0.55,8.7,18.53,0.41,9.090713,-0.572,0.026,"['RSI=52.0 中立', 'MACD ゴールデンクロス(買いシグナル)', 'MA 上昇トレンド(買いシグナル)']",{}
601988.SS,5.61,HOLD,-5,38.3,-0.055,5.99,5.88,-4.4,-6.81,-6.03,-4.43,0.62,7.227705,0.0,0.059,"['RSI=38.3 中立', 'MACD デッドクロス(売りシグナル)', 'BB下限付近 bb_pct=-4.4%(買いシグナル)']",{}
1548.HK,12.12,HOLD,15,48.6,0.091,12.01,13.15,54.4,0.0,-0.16,10.68,0.18,24.927124,,0.425,"['RSI=48.6 中立', 'MACD ゴールデンクロス(買いシグナル)']",{}
6181.HK,345.8,HOLD,-10,23.2,-8.364,445.22,510.71,2.5,-13.59,-34.38,-43.41,0.45,5.507962,1.838,1.999,"['RSI=23.2 売られすぎ(買いシグナル)', 'MACD デッドクロス(売りシグナル)', 'MA 下降トレンド(売りシグナル)', 'BB下限付近 bb_pct=2.5%(買いシグナル)', '1ヶ月モメンタム -34.4%(強い下落)']",{}
600487.SS,111.14,HOLD,10,60.5,-0.765,105.44,84.11,64.1,-6.39,34.04,114.43,0.43,15.986766,0.986,0.341,"['RSI=60.5 中立', 'MACD デッドクロス(売りシグナル)', 'MA 上昇トレンド(買いシグナル)', '1ヶ月モメンタム +34.0%(強い上昇)']",{}
600183.SS,177.84,HOLD,10,65.0,-1.437,162.24,120.52,71.6,0.3,26.77,224.56,0.53,54.777645,1.0,0.451,"['RSI=65.0 中立', 'MACD デッドクロス(売りシグナル)', 'MA 上昇トレンド(買いシグナル)', '1ヶ月モメンタム +26.8%(強い上昇)']",{}
600795.SS,4.66,SELL,-30,37.6,-0.031,4.92,4.93,15.1,-1.06,-12.41,-4.12,0.31,8.961538,-0.235,-0.016,"['RSI=37.6 中立', 'MACD デッドクロス(売りシグナル)', 'MA 下降トレンド(売りシグナル)', 'BB下限付近 bb_pct=15.1%(買いシグナル)', '1ヶ月モメンタム -12.4%(強い下落)']",{}
005940.KS,29800.0,SELL,-30,45.4,-154.824,30677.5,32658.0,34.7,3.65,-2.77,0.17,0.29,8.304537,1.113,1.848,"['RSI=45.4 中立', 'MACD デッドクロス(売りシグナル)', 'MA 下降トレンド(売りシグナル)']",{}
443060.KS,228500.0,HOLD,-15,50.4,-1169.864,227850.0,233572.88,51.1,4.34,0.66,34.7,0.25,23.633,0.55,0.183,"['RSI=50.4 中立', 'MACD デッドクロス(売りシグナル)']",{}
688072.SS,832.0,HOLD,10,74.7,12.75,685.38,577.58,90.5,8.05,42.7,124.99,0.0,77.19428,,0.57,"['RSI=74.7 買われすぎ(売りシグナル)', 'MACD ゴールデンクロス(買いシグナル)', 'MA 上昇トレンド(買いシグナル)', 'BB上限付近 bb_pct=90.5%(売りシグナル)', '1ヶ月モメンタム +42.7%(強い上昇)']",{}
1882.HK,18.55,SELL,-30,32.1,-0.162,20.01,20.77,10.3,-2.21,-12.33,-7.8,0.71,6.4765706,0.019,0.075,"['RSI=32.1 中立', 'MACD デッドクロス(売りシグナル)', 'MA 下降トレンド(売りシグナル)', 'BB下限付近 bb_pct=10.3%(買いシグナル)', '1ヶ月モメンタム -12.3%(強い下落)']",{}
600016.SS,3.23,HOLD,-10,21.9,-0.03,3.5,3.58,-7.3,-5.28,-10.03,-14.55,0.47,4.888088,-0.103,-0.078,"['RSI=21.9 売られすぎ(買いシグナル)', 'MACD デッドクロス(売りシグナル)', 'MA 下降トレンド(売りシグナル)', 'BB下限付近 bb_pct=-7.3%(買いシグナル)', '1ヶ月モメンタム -10.0%(強い下落)']",{}
600346.SS,17.79,HOLD,15,46.4,0.25,17.59,19.6,56.1,-3.52,0.0,-18.53,0.72,11.781458,0.931,-0.137,"['RSI=46.4 中立', 'MACD ゴールデンクロス(買いシグナル)']",{}
601888.SS,53.19,HOLD,-20,35.6,-0.173,56.4,59.66,1.9,-2.62,-6.59,-25.5,0.37,18.554693,0.212,0.01,"['RSI=35.6 中立', 'MACD デッドクロス(売りシグナル)', 'MA 下降トレンド(売りシグナル)', 'BB下限付近 bb_pct=1.9%(買いシグナル)']",{}
600585.SS,16.94,HOLD,-10,24.5,-0.051,18.34,19.84,10.4,-1.85,-15.85,-27.33,0.48,9.682933,-0.176,-0.105,"['RSI=24.5 売られすぎ(買いシグナル)', 'MACD デッドクロス(売りシグナル)', 'MA 下降トレンド(売りシグナル)', 'BB下限付近 bb_pct=10.4%(買いシグナル)', '1ヶ月モメンタム -15.8%(強い下落)']",{}
600050.SS,3.98,HOLD,0,26.6,-0.024,4.23,4.4,-5.8,-3.56,-8.8,-10.02,0.4,14.05268,-0.181,-0.005,"['RSI=26.6 売られすぎ(買いシグナル)', 'MACD デッドクロス(売りシグナル)', 'MA 下降トレンド(売りシグナル)', 'BB下限付近 bb_pct=-5.8%(買いシグナル)']",{}
601668.SS,4.34,HOLD,-10,20.6,-0.032,4.64,4.78,-1.5,-3.12,-10.7,-13.55,0.49,4.168508,-0.083,-0.078,"['RSI=20.6 売られすぎ(買いシグナル)', 'MACD デッドクロス(売りシグナル)', 'MA 下降トレンド(売りシグナル)', 'BB下限付近 bb_pct=-1.5%(買いシグナル)', '1ヶ月モメンタム -10.7%(強い下落)']",{}
600436.SS,109.45,HOLD,0,33.7,0.11,116.2,127.95,14.1,0.01,-12.09,-28.46,0.78,22.474333,-0.259,-0.127,"['RSI=33.7 中立', 'MACD ゴールデンクロス(買いシグナル)', 'MA 下降トレンド(売りシグナル)', 'BB下限付近 bb_pct=14.1%(買いシグナル)', '1ヶ月モメンタム -12.1%(強い下落)']",{}
600418.SS,25.84,HOLD,-10,15.9,-0.152,31.17,39.8,0.6,-10.8,-27.11,-44.77,0.47,136.0,,0.169,"['RSI=15.9 売られすぎ(買いシグナル)', 'MACD デッドクロス(売りシグナル)', 'MA 下降トレンド(売りシグナル)', 'BB下限付近 bb_pct=0.6%(買いシグナル)', '1ヶ月モメンタム -27.1%(強い下落)']",{}
1776.HK,16.95,HOLD,-15,51.0,-0.007,16.78,16.91,56.3,-0.7,2.29,17.71,0.4,7.0631785,0.758,0.701,"['RSI=51.0 中立', 'MACD デッドクロス(売りシグナル)']",{}
3311.HK,6.99,HOLD,-10,22.8,-0.118,7.99,8.46,12.9,-3.72,-19.18,-13.26,0.16,3.400864,-0.109,-0.102,"['RSI=22.8 売られすぎ(買いシグナル)', 'MACD デッドクロス(売りシグナル)', 'MA 下降トレンド(売りシグナル)', 'BB下限付近 bb_pct=12.9%(買いシグナル)', '1ヶ月モメンタム -19.2%(強い下落)']",{}
688396.SS,93.86,HOLD,10,77.5,2.085,74.15,65.11,101.2,10.93,38.83,105.42,0.59,83.06195,2.952,0.213,"['RSI=77.5 買われすぎ(売りシグナル)', 'MACD ゴールデンクロス(買いシグナル)', 'MA 上昇トレンド(買いシグナル)', 'BB上限付近 bb_pct=101.2%(売りシグナル)', '1ヶ月モメンタム +38.8%(強い上昇)']",{}
601628.SS,34.84,HOLD,15,48.1,0.11,34.77,35.43,51.2,-2.82,4.81,-5.89,0.48,7.632334,-0.324,-0.152,"['RSI=48.1 中立', 'MACD ゴールデンクロス(買いシグナル)']",{}
3618.HK,5.77,HOLD,-20,32.0,-0.061,6.31,6.54,-0.8,-5.1,-9.73,-13.19,0.28,3.9223313,0.061,0.07,"['RSI=32.0 中立', 'MACD デッドクロス(売りシグナル)', 'MA 下降トレンド(売りシグナル)', 'BB下限付近 bb_pct=-0.8%(買いシグナル)']",{}
605499.SS,123.25,SELL,-40,42.2,-0.015,127.62,140.19,39.3,8.07,-17.61,-22.81,0.97,13.417053,0.25,0.215,"['RSI=42.2 中立', 'MACD デッドクロス(売りシグナル)', 'MA 下降トレンド(売りシグナル)', '1ヶ月モメンタム -17.6%(強い下落)']",{}
600015.SS,6.42,HOLD,-20,35.1,-0.041,6.77,6.81,-6.3,-3.6,-7.23,-13.01,0.47,3.7168696,-0.031,0.046,"['RSI=35.1 中立', 'MACD デッドクロス(売りシグナル)', 'MA 下降トレンド(売りシグナル)', 'BB下限付近 bb_pct=-6.3%(買いシグナル)']",{}
603799.SS,48.3,HOLD,0,40.1,0.012,50.46,57.1,28.7,-7.7,-9.85,-19.21,0.52,7.758226,0.886,0.446,"['RSI=40.1 中立', 'MACD ゴールデンクロス(買いシグナル)', 'MA 下降トレンド(売りシグナル)']",{}
0772.HK,18.84,HOLD,-10,29.5,-0.193,21.59,23.84,16.8,-4.12,-26.52,-25.89,0.3,10.290513,,0.062,"['RSI=29.5 売られすぎ(買いシグナル)', 'MACD デッドクロス(売りシグナル)', 'MA 下降トレンド(売りシグナル)', 'BB下限付近 bb_pct=16.8%(買いシグナル)', '1ヶ月モメンタム -26.5%(強い下落)']",{}
9896.HK,23.42,SELL,-40,40.8,-0.036,24.43,26.62,34.4,6.36,-12.02,-23.63,0.52,7.048366,2.0,0.285,"['RSI=40.8 中立', 'MACD デッドクロス(売りシグナル)', 'MA 下降トレンド(売りシグナル)', '1ヶ月モメンタム -12.0%(強い下落)']",{}
600196.SS,22.18,HOLD,15,46.5,0.139,22.06,23.59,58.4,-1.42,-2.38,-18.06,1.09,15.842857,0.138,0.069,"['RSI=46.5 中立', 'MACD ゴールデンクロス(買いシグナル)']",{}
601009.SS,9.98,HOLD,0,27.7,-0.125,10.92,10.98,-4.0,-5.31,-9.67,-10.3,0.77,4.81716,0.06,0.057,"['RSI=27.7 売られすぎ(買いシグナル)', 'MACD デッドクロス(売りシグナル)', 'MA 下降トレンド(売りシグナル)', 'BB下限付近 bb_pct=-4.0%(買いシグナル)']",{}
005385.KS,221000.0,SELL,-40,40.4,-2608.198,239075.0,252317.21,25.9,4.25,-21.63,-5.3,0.38,,-0.431,0.034,"['RSI=40.4 中立', 'MACD デッドクロス(売りシグナル)', 'MA 下降トレンド(売りシグナル)', '1ヶ月モメンタム -21.6%(強い下落)']",{}
688521.SS,366.9,HOLD,10,77.2,13.65,267.83,262.53,102.1,21.93,55.86,64.53,0.62,1996.5173,,1.145,"['RSI=77.2 買われすぎ(売りシグナル)', 'MACD ゴールデンクロス(買いシグナル)', 'MA 上昇トレンド(買いシグナル)', 'BB上限付近 bb_pct=102.1%(売りシグナル)', '1ヶ月モメンタム +55.9%(強い上昇)']",{}
2228.HK,7.63,HOLD,15,53.3,0.147,7.11,8.12,79.6,8.84,-4.98,-15.32,0.51,89.76471,,0.743,"['RSI=53.3 中立', 'MACD ゴールデンクロス(買いシグナル)']",{}
3360.HK,5.24,HOLD,-10,26.0,-0.118,6.28,6.83,17.1,1.55,-25.36,-22.29,0.43,5.0280576,-0.067,-0.084,"['RSI=26.0 売られすぎ(買いシグナル)', 'MACD デッドクロス(売りシグナル)', 'MA 下降トレンド(売りシグナル)', 'BB下限付近 bb_pct=17.1%(買いシグナル)', '1ヶ月モメンタム -25.4%(強い下落)']",{}
2357.HK,2.88,SELL,-40,34.2,-0.006,3.02,3.23,21.1,0.35,-10.28,-11.19,0.32,6.4000006,-0.214,-0.026,"['RSI=34.2 中立', 'MACD デッドクロス(売りシグナル)', 'MA 下降トレンド(売りシグナル)', '1ヶ月モメンタム -10.3%(強い下落)']",{}
600926.SS,14.51,HOLD,0,26.5,-0.13,15.68,16.13,-4.7,-4.6,-9.08,-12.0,0.65,4.5424523,0.06,0.089,"['RSI=26.5 売られすぎ(買いシグナル)', 'MACD デッドクロス(売りシグナル)', 'MA 下降トレンド(売りシグナル)', 'BB下限付近 bb_pct=-4.7%(買いシグナル)']",{}
688111.SS,214.18,HOLD,-10,42.9,0.139,221.85,239.92,36.5,-0.46,-18.33,-11.73,0.55,37.69487,4.425,0.24,"['RSI=42.9 中立', 'MACD ゴールデンクロス(買いシグナル)', 'MA 下降トレンド(売りシグナル)', '1ヶ月モメンタム -18.3%(強い下落)']",{}
603501.SS,92.38,HOLD,15,49.8,0.372,90.85,96.15,59.9,2.3,-0.19,-3.73,0.86,21.33034,-0.431,-0.009,"['RSI=49.8 中立', 'MACD ゴールデンクロス(買いシグナル)']",{}
1066.HK,3.18,SELL,-30,41.5,-0.001,3.28,3.38,27.6,0.95,-6.74,-13.49,0.45,5.865983,-0.381,0.045,"['RSI=41.5 中立', 'MACD デッドクロス(売りシグナル)', 'MA 下降トレンド(売りシグナル)']",{}
600115.SS,3.79,HOLD,0,41.5,0.011,3.94,4.2,21.0,-2.32,-9.11,-16.52,0.76,20.371964,,0.109,"['RSI=41.5 中立', 'MACD ゴールデンクロス(買いシグナル)', 'MA 下降トレンド(売りシグナル)']",{}
601766.SS,5.18,HOLD,0,28.5,-0.039,5.56,5.77,0.9,-1.52,-8.96,-18.43,0.5,9.212328,0.091,0.106,"['RSI=28.5 売られすぎ(買いシグナル)', 'MACD デッドクロス(売りシグナル)', 'MA 下降トレンド(売りシグナル)', 'BB下限付近 bb_pct=0.9%(買いシグナル)']",{}
601169.SS,4.9,HOLD,-20,33.7,-0.019,5.1,5.19,-0.1,-2.0,-5.04,-10.75,0.61,5.301309,0.056,0.012,"['RSI=33.7 中立', 'MACD デッドクロス(売りシグナル)', 'MA 下降トレンド(売りシグナル)', 'BB下限付近 bb_pct=-0.1%(買いシグナル)']",{}
600438.SS,12.13,HOLD,-10,27.6,-0.022,13.13,15.32,16.1,-0.9,-14.03,-27.32,0.6,20.310774,,-0.239,"['RSI=27.6 売られすぎ(買いシグナル)', 'MACD デッドクロス(売りシグナル)', 'MA 下降トレンド(売りシグナル)', 'BB下限付近 bb_pct=16.1%(買いシグナル)', '1ヶ月モメンタム -14.0%(強い下落)']",{}
600958.SS,9.45,HOLD,15,51.1,0.029,9.29,9.41,62.7,-1.56,2.16,3.17,0.43,11.34372,0.188,0.037,"['RSI=51.1 中立', 'MACD ゴールデンクロス(買いシグナル)']",{}
601689.SS,56.48,SELL,-40,40.6,-0.864,61.07,62.97,24.5,-2.96,-10.29,-3.1,0.98,27.147322,-0.03,0.149,"['RSI=40.6 中立', 'MACD デッドクロス(売りシグナル)', 'MA 下降トレンド(売りシグナル)', '1ヶ月モメンタム -10.3%(強い下落)']",{}
1908.HK,13.17,SELL,-40,37.7,-0.173,14.32,14.68,26.3,1.39,-17.27,10.76,0.11,6.6050606,-0.393,-0.069,"['RSI=37.7 中立', 'MACD デッドクロス(売りシグナル)', 'MA 下降トレンド(売りシグナル)', '1ヶ月モメンタム -17.3%(強い下落)']",{}
601066.SS,29.09,BUY,30,65.0,0.32,26.5,24.13,84.2,4.9,12.75,34.12,0.68,17.392605,1.2,0.614,"['RSI=65.0 中立', 'MACD ゴールデンクロス(買いシグナル)', 'MA 上昇トレンド(買いシグナル)', 'BB上限付近 bb_pct=84.2%(売りシグナル)', '1ヶ月モメンタム +12.8%(強い上昇)']",{}
900948.SS,2.6,HOLD,-15,51.7,-0.011,2.63,2.47,42.1,-4.41,-1.03,31.97,0.51,1.8181819,0.045,0.032,"['RSI=51.7 中立', 'MACD デッドクロス(売りシグナル)']",{}
601727.SS,7.03,SELL,-40,36.6,-0.011,7.37,7.99,23.8,-1.26,-12.02,-13.32,0.5,43.937504,0.303,0.093,"['RSI=36.6 中立', 'MACD デッドクロス(売りシグナル)', 'MA 下降トレンド(売りシグナル)', '1ヶ月モメンタム -12.0%(強い下落)']",{}
1258.HK,11.05,SELL,-30,36.9,-0.31,13.2,13.32,6.3,-11.59,-25.35,-1.12,0.25,8.25159,-0.214,-0.076,"['RSI=36.9 中立', 'MACD デッドクロス(売りシグナル)', 'MA 下降トレンド(売りシグナル)', 'BB下限付近 bb_pct=6.3%(買いシグナル)', '1ヶ月モメンタム -25.4%(強い下落)']",{}
688271.SS,100.12,SELL,-30,35.0,-1.01,108.51,112.48,14.0,-2.16,-15.31,-12.72,0.47,27.299252,0.067,0.173,"['RSI=35.0 中立', 'MACD デッドクロス(売りシグナル)', 'MA 下降トレンド(売りシグナル)', 'BB下限付近 bb_pct=14.0%(買いシグナル)', '1ヶ月モメンタム -15.3%(強い下落)']",{}
601127.SS,60.85,HOLD,-10,25.5,-0.263,68.18,78.66,19.9,-1.54,-25.07,-33.03,0.45,5.99162,-0.14,0.345,"['RSI=25.5 売られすぎ(買いシグナル)', 'MACD デッドクロス(売りシグナル)', 'MA 下降トレンド(売りシグナル)', 'BB下限付近 bb_pct=19.9%(買いシグナル)', '1ヶ月モメンタム -25.1%(強い下落)']",{}
600160.SS,53.71,HOLD,10,74.2,0.867,44.61,38.61,90.8,5.87,41.83,55.45,0.57,22.71036,0.456,0.037,"['RSI=74.2 買われすぎ(売りシグナル)', 'MACD ゴールデンクロス(買いシグナル)', 'MA 上昇トレンド(買いシグナル)', 'BB上限付近 bb_pct=90.8%(売りシグナル)', '1ヶ月モメンタム +41.8%(強い上昇)']",{}
601006.SS,4.6,HOLD,-10,24.7,-0.037,4.97,5.18,-2.1,-4.76,-11.2,-13.7,0.49,12.029288,-0.077,0.043,"['RSI=24.7 売られすぎ(買いシグナル)', 'MACD デッドクロス(売りシグナル)', 'MA 下降トレンド(売りシグナル)', 'BB下限付近 bb_pct=-2.1%(買いシグナル)', '1ヶ月モメンタム -11.2%(強い下落)']",{}
600690.SS,20.26,HOLD,0,48.5,0.017,20.32,20.68,47.3,4.76,-4.12,-7.02,0.6,8.806628,-0.153,-0.069,"['RSI=48.5 中立', 'MACD ゴールデンクロス(買いシグナル)', 'MA 下降トレンド(売りシグナル)']",{}
2367.HK,26.46,HOLD,0,48.0,0.073,26.67,27.74,44.7,0.84,-8.44,0.88,0.38,11.403746,-0.373,-0.198,"['RSI=48.0 中立', 'MACD ゴールデンクロス(買いシグナル)', 'MA 下降トレンド(売りシグナル)']",{}
600104.SS,9.7,HOLD,-10,13.1,-0.042,10.81,12.22,13.3,-3.77,-21.01,-34.55,0.49,5.9514675,0.004,-0.003,"['RSI=13.1 売られすぎ(買いシグナル)', 'MACD デッドクロス(売りシグナル)', 'MA 下降トレンド(売りシグナル)', 'BB下限付近 bb_pct=13.3%(買いシグナル)', '1ヶ月モメンタム -21.0%(強い下落)']",{}
600085.SS,22.89,SELL,-30,34.9,-0.037,24.1,25.78,15.5,-0.26,-10.8,-20.13,0.8,20.999998,-0.191,-0.116,"['RSI=34.9 中立', 'MACD デッドクロス(売りシグナル)', 'MA 下降トレンド(売りシグナル)', 'BB下限付近 bb_pct=15.5%(買いシグナル)', '1ヶ月モメンタム -10.8%(強い下落)']",{}
032640.KS,14270.0,SELL,-40,41.2,-82.141,15049.0,15652.8,22.9,1.93,-11.64,-7.94,0.21,7.5373807,0.08,0.015,"['RSI=41.2 中立', 'MACD デッドクロス(売りシグナル)', 'MA 下降トレンド(売りシグナル)', '1ヶ月モメンタム -11.6%(強い下落)']",{}
9899.HK,102.2,SELL,-30,35.6,-0.789,111.81,117.73,13.9,-3.58,-19.02,-20.78,0.2,7.9871645,0.132,0.014,"['RSI=35.6 中立', 'MACD デッドクロス(売りシグナル)', 'MA 下降トレンド(売りシグナル)', 'BB下限付近 bb_pct=13.9%(買いシグナル)', '1ヶ月モメンタム -19.0%(強い下落)']",{}
603893.SS,189.8,HOLD,5,59.5,1.777,175.11,179.7,93.5,2.38,8.15,24.05,0.86,39.886185,0.56,0.362,"['RSI=59.5 中立', 'MACD ゴールデンクロス(買いシグナル)', 'BB上限付近 bb_pct=93.5%(売りシグナル)']",{}
688036.SS,59.28,HOLD,15,56.8,0.359,56.54,57.6,73.7,10.19,-4.79,10.33,0.73,10.203098,0.419,0.246,"['RSI=56.8 中立', 'MACD ゴールデンクロス(買いシグナル)']",{}
601825.SS,7.58,HOLD,-10,28.6,-0.064,8.26,8.45,-2.4,-3.64,-12.15,-15.12,0.54,5.6278214,0.0,-0.013,"['RSI=28.6 売られすぎ(買いシグナル)', 'MACD デッドクロス(売りシグナル)', 'MA 下降トレンド(売りシグナル)', 'BB下限付近 bb_pct=-2.4%(買いシグナル)', '1ヶ月モメンタム -12.1%(強い下落)']",{}
600547.SS,22.79,HOLD,-10,26.5,-0.213,26.67,30.91,3.7,-7.96,-23.86,-44.59,0.55,9.866783,0.45,0.254,"['RSI=26.5 売られすぎ(買いシグナル)', 'MACD デッドクロス(売りシグナル)', 'MA 下降トレンド(売りシグナル)', 'BB下限付近 bb_pct=3.7%(買いシグナル)', '1ヶ月モメンタム -23.9%(強い下落)']",{}
2799.HK,0.56,SELL,-30,31.2,-0.007,0.63,0.68,0.1,-8.2,-17.65,-29.11,1.03,-7.0,0.201,,"['RSI=31.2 中立', 'MACD デッドクロス(売りシグナル)', 'MA 下降トレンド(売りシグナル)', 'BB下限付近 bb_pct=0.1%(買いシグナル)', '1ヶ月モメンタム -17.6%(強い下落)']",{}
688303.SS,17.4,HOLD,-20,35.9,-0.281,19.62,20.91,13.1,-3.33,-7.35,-17.22,0.3,20.350876,,-0.792,"['RSI=35.9 中立', 'MACD デッドクロス(売りシグナル)', 'MA 下降トレンド(売りシグナル)', 'BB下限付近 bb_pct=13.1%(買いシグナル)']",{}
600893.SS,38.51,HOLD,0,41.0,0.129,39.48,44.1,34.2,-1.56,-6.18,-21.33,0.58,50.67105,-0.643,0.148,"['RSI=41.0 中立', 'MACD ゴールデンクロス(買いシグナル)', 'MA 下降トレンド(売りシグナル)']",{}
600673.SS,33.63,SELL,-30,47.1,-0.025,34.03,35.57,43.4,-7.46,-5.59,7.1,0.38,50.19403,-0.579,0.269,"['RSI=47.1 中立', 'MACD デッドクロス(売りシグナル)', 'MA 下降トレンド(売りシグナル)']",{}
688578.SS,107.44,HOLD,-15,76.2,2.91,87.5,90.71,113.9,14.91,23.66,9.29,1.53,16.529232,0.549,0.442,"['RSI=76.2 買われすぎ(売りシグナル)', 'MACD ゴールデンクロス(買いシグナル)', 'BB上限付近 bb_pct=113.9%(売りシグナル)', '1ヶ月モメンタム +23.7%(強い上昇)', '出来高急増 1.5x(注目)']",{}
000002.SS,4280.92,HOLD,25,50.0,1.799,4262.79,4299.91,58.6,-0.7,0.17,3.4,19.92,,,,"['RSI=50.0 中立', 'MACD ゴールデンクロス(買いシグナル)', '出来高急増 19.9x(注目)']",{}
688617.SS,179.71,SELL,-30,32.2,-0.088,194.91,217.83,0.3,-4.66,-13.89,-28.46,0.94,19.90466,0.254,0.248,"['RSI=32.2 中立', 'MACD デッドクロス(売りシグナル)', 'MA 下降トレンド(売りシグナル)', 'BB下限付近 bb_pct=0.3%(買いシグナル)', '1ヶ月モメンタム -13.9%(強い下落)']",{}
7203.T,2724.5,HOLD,0,39.2,4.59,2789.38,2942.16,22.5,1.43,-5.43,-16.48,0.61,8.401703,0.232,0.019,"['RSI=39.2 中立', 'MACD ゴールデンクロス(買いシグナル)', 'MA 下降トレンド(売りシグナル)']",{}
8306.T,3235.0,HOLD,0,55.7,-14.408,3224.1,3044.45,54.6,0.94,3.12,17.21,0.28,21.334389,,,"['RSI=55.7 中立', 'MACD デッドクロス(売りシグナル)', 'MA 上昇トレンド(買いシグナル)']",{}
6501.T,4450.0,SELL,-30,34.6,-36.811,4789.2,4924.58,14.5,-5.14,-15.56,-4.81,0.34,24.981754,-0.101,0.113,"['RSI=34.6 中立', 'MACD デッドクロス(売りシグナル)', 'MA 下降トレンド(売りシグナル)', 'BB下限付近 bb_pct=14.5%(買いシグナル)', '1ヶ月モメンタム -15.6%(強い下落)']",{}
6758.T,3275.0,SELL,-30,46.4,-1.833,3327.4,3382.28,40.4,0.77,-9.51,-1.62,0.34,17.876638,-0.574,0.083,"['RSI=46.4 中立', 'MACD デッドクロス(売りシグナル)', 'MA 下降トレンド(売りシグナル)']",{}
8316.T,6398.0,HOLD,0,55.7,-32.271,6357.5,5975.72,56.2,0.66,4.07,18.75,0.29,20.131525,,,"['RSI=55.7 中立', 'MACD デッドクロス(売りシグナル)', 'MA 上昇トレンド(買いシグナル)']",{}
8058.T,4347.0,HOLD,-10,27.8,-11.206,4630.6,4973.88,8.6,-4.04,-12.69,-19.46,0.38,20.500849,0.683,0.12,"['RSI=27.8 売られすぎ(買いシグナル)', 'MACD デッドクロス(売りシグナル)', 'MA 下降トレンド(売りシグナル)', 'BB下限付近 bb_pct=8.6%(買いシグナル)', '1ヶ月モメンタム -12.7%(強い下落)']",{}
8035.T,78000.0,HOLD,0,66.5,-7.975,69075.0,57045.6,82.7,11.59,28.08,105.16,0.66,60.927982,0.505,0.086,"['RSI=66.5 中立', 'MACD デッドクロス(売りシグナル)', 'MA 上昇トレンド(買いシグナル)', 'BB上限付近 bb_pct=82.7%(売りシグナル)', '1ヶ月モメンタム +28.1%(強い上昇)']",{}
6857.T,32530.0,BUY,40,59.0,325.166,29568.75,28424.1,75.6,4.26,17.61,53.99,0.47,136.8359,2.206,0.412,"['RSI=59.0 中立', 'MACD ゴールデンクロス(買いシグナル)', 'MA 上昇トレンド(買いシグナル)', '1ヶ月モメンタム +17.6%(強い上昇)']",{}
8031.T,4514.0,HOLD,20,23.9,3.761,4763.85,5313.94,15.9,-1.78,-10.77,-27.33,0.31,15.361579,-0.093,-0.011,"['RSI=23.9 売られすぎ(買いシグナル)', 'MACD ゴールデンクロス(買いシグナル)', 'MA 下降トレンド(売りシグナル)', 'BB下限付近 bb_pct=15.9%(買いシグナル)', '1ヶ月モメンタム -10.8%(強い下落)']",{}
7011.T,3661.0,HOLD,0,42.7,11.57,3705.45,4036.52,41.5,-2.19,2.46,-22.29,0.48,39.527355,0.651,0.113,"['RSI=42.7 中立', 'MACD ゴールデンクロス(買いシグナル)', 'MA 下降トレンド(売りシグナル)']",{}
8411.T,7734.0,HOLD,-15,53.6,-46.382,7749.8,7257.3,47.9,0.16,1.32,20.39,0.3,22.97478,6.799,0.167,"['RSI=53.6 中立', 'MACD デッドクロス(売りシグナル)']",{}
D05.SI,65.67,HOLD,0,62.7,-0.085,64.67,61.44,68.0,-0.83,0.95,17.2,0.26,15.700497,,0.032,"['RSI=62.7 中立', 'MACD デッドクロス(売りシグナル)', 'MA 上昇トレンド(買いシグナル)']",{}
8001.T,1846.5,HOLD,0,44.2,3.447,1851.12,1920.07,44.5,1.51,-0.65,-9.42,0.36,2.8527508,-0.03,0.041,"['RSI=44.2 中立', 'MACD ゴールデンクロス(買いシグナル)', 'MA 下降トレンド(売りシグナル)']",{}
9983.T,83350.0,HOLD,0,60.7,-38.586,81274.0,77111.6,73.7,2.22,6.29,32.28,0.52,60.894978,0.298,0.148,"['RSI=60.7 中立', 'MACD デッドクロス(売りシグナル)', 'MA 上昇トレンド(買いシグナル)']",{}
9984.T,5900.0,HOLD,-15,41.7,-185.616,6868.1,6405.28,6.8,-10.57,-29.04,63.71,0.55,19.980358,2.607,0.071,"['RSI=41.7 中立', 'MACD デッドクロス(売りシグナル)', 'BB下限付近 bb_pct=6.8%(買いシグナル)', '1ヶ月モメンタム -29.0%(強い下落)']",{}
6861.T,81940.0,HOLD,20,64.3,301.075,76613.5,75123.8,101.4,6.76,1.62,44.06,0.93,43.879425,0.254,0.179,"['RSI=64.3 中立', 'MACD ゴールデンクロス(買いシグナル)', 'MA 上昇トレンド(買いシグナル)', 'BB上限付近 bb_pct=101.4%(売りシグナル)']",{}
4063.T,7014.0,HOLD,-25,46.1,-52.314,7211.1,7178.0,33.9,-1.21,-10.15,9.39,0.29,21.27195,-0.062,0.013,"['RSI=46.1 中立', 'MACD デッドクロス(売りシグナル)', '1ヶ月モメンタム -10.1%(強い下落)']",{}
6503.T,5900.0,HOLD,15,47.5,3.82,5883.7,6082.9,52.1,-1.37,-3.04,14.41,0.32,35.72726,,,"['RSI=47.5 中立', 'MACD ゴールデンクロス(買いシグナル)']",{}
8766.T,7247.0,HOLD,-15,51.7,-12.319,7198.7,7244.8,57.1,3.97,2.1,-0.21,0.29,14.699202,-0.48,-0.045,"['RSI=51.7 中立', 'MACD デッドクロス(売りシグナル)']",{}
7974.T,6850.0,SELL,-30,41.5,-18.202,7150.85,7393.76,23.1,-0.12,-8.14,-21.82,0.42,20.127523,0.571,0.951,"['RSI=41.5 中立', 'MACD デッドクロス(売りシグナル)', 'MA 下降トレンド(売りシグナル)']",{}
